,cell_color,cell_radius,cell_center,cell_age,cell_health,cell_metabolic_cost,cell_direction_pause,cell_direction_angle,cell_cycle,cell_direction_remember,cell_vision_scale,cell_vision_nconsidered,cell_mutational_rate,cell_mutation_information
0,#527C9C,6.25,"(138.42255605580982, 261.69948412624507)",26.989703943183393,0.6740340804745174,0.02681253388713691,0.0,2.760371579897525,0.5000000001,1.0,3.643614877629542,3.969920845197539,5.608263744498194e-05,"[['cell_mutational_rate', 1, 1, (1e-10, 1, False)], ['cell_direction_pause', 1, 1, (0, 1, False)], ['cell_direction_angle', 1, 1, None], ['cell_cycle', 1, 1, (0.5000000001, 5, False)], ['cell_direction_remember', 1, 1, (0, 1, False)], ['cell_vision_scale', 1, 1, (1.01, 20, False)], ['cell_vision_nconsidered', 1, 1, (1, 100, False)]]"
1,#527C9C,6.25,"(233.73943369155427, 359.1832355646842)",29.140560300700507,0.3286792377079952,0.03144531115255934,0.0,3.733613380703673,0.8199606264598731,0.8715408347410583,3.643614877629542,3.969920845197539,0.0004899217304571098,"[['cell_mutational_rate', 1, 1, (1e-10, 1, False)], ['cell_direction_pause', 1, 1, (0, 1, False)], ['cell_direction_angle', 1, 1, None], ['cell_cycle', 1, 1, (0.5000000001, 5, False)], ['cell_direction_remember', 1, 1, (0, 1, False)], ['cell_vision_scale', 1, 1, (1.01, 20, False)], ['cell_vision_nconsidered', 1, 1, (1, 100, False)]]"
2,#527C9C,6.25,"(180.3868033721378, 153.20574354122238)",29.097009652815995,-1.027449948163187,0.06467530410665387,0.0,2.760371579897525,0.5000000001,1.0,3.643614877629542,3.969920845197539,1.0968726978720392e-05,"[['cell_mutational_rate', 1, 1, (1e-10, 1, False)], ['cell_direction_pause', 1, 1, (0, 1, False)], ['cell_direction_angle', 1, 1, None], ['cell_cycle', 1, 1, (0.5000000001, 5, False)], ['cell_direction_remember', 1, 1, (0, 1, False)], ['cell_vision_scale', 1, 1, (1.01, 20, False)], ['cell_vision_nconsidered', 1, 1, (1, 100, False)]]"
3,#527C9C,6.25,"(360.6709837829825, 232.47358507996913)",28.185221730241462,0.4798120629658644,0.02936148518056447,0.1848041089133996,2.0391612026914268,0.5973086642978476,0.7801261528322521,4.035545329919628,3.0416895371196095,1.9105902037474978e-07,"[['cell_mutational_rate', 1, 1, (1e-10, 1, False)], ['cell_direction_pause', 1, 1, (0, 1, False)], ['cell_direction_angle', 1, 1, None], ['cell_cycle', 1, 1, (0.5000000001, 5, False)], ['cell_direction_remember', 1, 1, (0, 1, False)], ['cell_vision_scale', 1, 1, (1.01, 20, False)], ['cell_vision_nconsidered', 1, 1, (1, 100, False)]]"
4,#527C9C,6.25,"(268.0751511968693, 354.8960913581334)",26.077086440496945,0.3359206648801818,0.024901084383570603,0.26869851650345544,3.30950009207739,1.3241539193573746,1.0,3.9707955163782427,4.966485351014687,2.1036730939835683e-05,"[['cell_mutational_rate', 1, 1, (1e-10, 1, False)], ['cell_direction_pause', 1, 1, (0, 1, False)], ['cell_direction_angle', 1, 1, None], ['cell_cycle', 1, 1, (0.5000000001, 5, False)], ['cell_direction_remember', 1, 1, (0, 1, False)], ['cell_vision_scale', 1, 1, (1.01, 20, False)], ['cell_vision_nconsidered', 1, 1, (1, 100, False)]]"
5,#527C9C,6.25,"(349.79745723431364, 311.8143770355213)",25.055462274852168,0.9104036136848261,0.02279823818794006,0.1848041089133996,2.0391612026914268,0.5973086642978476,0.7801261528322521,4.035545329919628,3.0416895371196095,1.0398345476965182e-06,"[['cell_mutational_rate', 1, 1, (1e-10, 1, False)], ['cell_direction_pause', 1, 1, (0, 1, False)], ['cell_direction_angle', 1, 1, None], ['cell_cycle', 1, 1, (0.5000000001, 5, False)], ['cell_direction_remember', 1, 1, (0, 1, False)], ['cell_vision_scale', 1, 1, (1.01, 20, False)], ['cell_vision_nconsidered', 1, 1, (1, 100, False)]]"
6,#527C9C,6.25,"(132.5307595051128, 259.3970834098192)",28.041442207605705,-0.5901446203900391,0.062386587998354594,0.0,2.760371579897525,0.5000000001,1.0,3.643614877629542,3.969920845197539,7.415374701722478e-05,"[['cell_mutational_rate', 1, 1, (1e-10, 1, False)], ['cell_direction_pause', 1, 1, (0, 1, False)], ['cell_direction_angle', 1, 1, None], ['cell_cycle', 1, 1, (0.5000000001, 5, False)], ['cell_direction_remember', 1, 1, (0, 1, False)], ['cell_vision_scale', 1, 1, (1.01, 20, False)], ['cell_vision_nconsidered', 1, 1, (1, 100, False)]]"
7,#527C9C,6.25,"(159.20232594221866, 315.0599682306616)",28.035517379931417,0.09598276411994973,0.029065288503705097,0.0,2.760371579897525,0.5000000001,1.0,3.643614877629542,3.969920845197539,0.0015603351597267994,"[['cell_mutational_rate', 1, 1, (1e-10, 1, False)], ['cell_direction_pause', 1, 1, (0, 1, False)], ['cell_direction_angle', 1, 1, None], ['cell_cycle', 1, 1, (0.5000000001, 5, False)], ['cell_direction_remember', 1, 1, (0, 1, False)], ['cell_vision_scale', 1, 1, (1.01, 20, False)], ['cell_vision_nconsidered', 1, 1, (1, 100, False)]]"
8,#527C9C,6.25,"(139.56837446262395, 214.40360056903026)",28.078051904202937,0.5337554006361249,0.029184923598889828,0.0,2.760371579897525,0.5000000001,1.0,3.643614877629542,3.969920845197539,0.003250845947511812,"[['cell_mutational_rate', 1, 1, (1e-10, 1, False)], ['cell_direction_pause', 1, 1, (0, 1, False)], ['cell_direction_angle', 1, 1, None], ['cell_cycle', 1, 1, (0.5000000001, 5, False)], ['cell_direction_remember', 1, 1, (0, 1, False)], ['cell_vision_scale', 1, 1, (1.01, 20, False)], ['cell_vision_nconsidered', 1, 1, (1, 100, False)]]"
9,#527C9C,6.25,"(327.24926897227044, 326.20732004402765)",29.026740961758485,0.44671511384023543,0.031188297843048936,0.26869851650345544,3.30950009207739,1.3241539193573746,1.0,3.9707955163782427,4.966485351014687,1.3261064561875957e-05,"[['cell_mutational_rate', 1, 1, (1e-10, 1, False)], ['cell_direction_pause', 1, 1, (0, 1, False)], ['cell_direction_angle', 1, 1, None], ['cell_cycle', 1, 1, (0.5000000001, 5, False)], ['cell_direction_remember', 1, 1, (0, 1, False)], ['cell_vision_scale', 1, 1, (1.01, 20, False)], ['cell_vision_nconsidered', 1, 1, (1, 100, False)]]"
10,#527C9C,6.25,"(196.1675030783752, 147.48365821929252)",22.181697214554294,1.6905866206655116,0.01852704756301785,0.0,2.760371579897525,0.5000000001,1.0,3.643614877629542,3.969920845197539,0.08614560467948991,"[['cell_mutational_rate', 1, 1, (1e-10, 1, False)], ['cell_direction_pause', 1, 1, (0, 1, False)], ['cell_direction_angle', 1, 1, None], ['cell_cycle', 1, 1, (0.5000000001, 5, False)], ['cell_direction_remember', 1, 1, (0, 1, False)], ['cell_vision_scale', 1, 1, (1.01, 20, False)], ['cell_vision_nconsidered', 1, 1, (1, 100, False)]]"
11,#527C9C,6.25,"(246.99267419701764, 355.1422670207885)",27.05290002253248,-1.1460184488873288,0.06027970254247427,0.0,3.733613380703673,0.8199606264598731,0.8715408347410583,3.643614877629542,3.969920845197539,7.837368058201225e-05,"[['cell_mutational_rate', 1, 1, (1e-10, 1, False)], ['cell_direction_pause', 1, 1, (0, 1, False)], ['cell_direction_angle', 1, 1, None], ['cell_cycle', 1, 1, (0.5000000001, 5, False)], ['cell_direction_remember', 1, 1, (0, 1, False)], ['cell_vision_scale', 1, 1, (1.01, 20, False)], ['cell_vision_nconsidered', 1, 1, (1, 100, False)]]"
12,#527C9C,6.25,"(336.814509373042, 324.857612160808)",26.138543008786048,0.3836023771256416,0.025029443996796283,0.26869851650345544,3.30950009207739,1.3241539193573746,1.0,3.9707955163782427,4.966485351014687,5.996075297590705e-05,"[['cell_mutational_rate', 1, 1, (1e-10, 1, False)], ['cell_direction_pause', 1, 1, (0, 1, False)], ['cell_direction_angle', 1, 1, None], ['cell_cycle', 1, 1, (0.5000000001, 5, False)], ['cell_direction_remember', 1, 1, (0, 1, False)], ['cell_vision_scale', 1, 1, (1.01, 20, False)], ['cell_vision_nconsidered', 1, 1, (1, 100, False)]]"
13,#527C9C,6.25,"(341.5333989649068, 313.37610660203063)",30.0,-2.3633472218177234,0.06666688888241691,0.26869851650345544,3.30950009207739,1.3241539193573746,1.0,3.9707955163782427,4.966485351014687,1.3332945014519204e-05,"[['cell_mutational_rate', 1, 1, (1e-10, 1, False)], ['cell_direction_pause', 1, 1, (0, 1, False)], ['cell_direction_angle', 1, 1, None], ['cell_cycle', 1, 1, (0.5000000001, 5, False)], ['cell_direction_remember', 1, 1, (0, 1, False)], ['cell_vision_scale', 1, 1, (1.01, 20, False)], ['cell_vision_nconsidered', 1, 1, (1, 100, False)]]"
14,#527C9C,6.25,"(255.2040682167053, 357.9435451050224)",27.01078707345801,0.620321509855145,0.026856143757637937,0.26869851650345544,3.30950009207739,1.3241539193573746,1.0,3.9707955163782427,4.966485351014687,2.133530312622209e-06,"[['cell_mutational_rate', 1, 1, (1e-10, 1, False)], ['cell_direction_pause', 1, 1, (0, 1, False)], ['cell_direction_angle', 1, 1, None], ['cell_cycle', 1, 1, (0.5000000001, 5, False)], ['cell_direction_remember', 1, 1, (0, 1, False)], ['cell_vision_scale', 1, 1, (1.01, 20, False)], ['cell_vision_nconsidered', 1, 1, (1, 100, False)]]"
15,#527C9C,6.25,"(117.91537272331165, 192.9788165664283)",29.0,-2.6932675895562803,0.06446333329145316,0.0,2.760371579897525,0.5000000001,1.0,3.643614877629542,3.969920845197539,2.221970941172197e-05,"[['cell_mutational_rate', 1, 1, (1e-10, 1, False)], ['cell_direction_pause', 1, 1, (0, 1, False)], ['cell_direction_angle', 1, 1, None], ['cell_cycle', 1, 1, (0.5000000001, 5, False)], ['cell_direction_remember', 1, 1, (0, 1, False)], ['cell_vision_scale', 1, 1, (1.01, 20, False)], ['cell_vision_nconsidered', 1, 1, (1, 100, False)]]"
16,#527C9C,6.25,"(224.24196391133094, 144.14703602103168)",24.029000662726236,1.3691887240459082,0.02072503307818327,0.0,2.760371579897525,0.5000000001,1.0,3.643614877629542,3.969920845197539,2.0970676694404048e-05,"[['cell_mutational_rate', 1, 1, (1e-10, 1, False)], ['cell_direction_pause', 1, 1, (0, 1, False)], ['cell_direction_angle', 1, 1, None], ['cell_cycle', 1, 1, (0.5000000001, 5, False)], ['cell_direction_remember', 1, 1, (0, 1, False)], ['cell_vision_scale', 1, 1, (1.01, 20, False)], ['cell_vision_nconsidered', 1, 1, (1, 100, False)]]"
17,#527C9C,6.25,"(332.9699512308407, 322.81823599474416)",27.01779631366478,0.7999342651153997,0.026870926562307763,0.26869851650345544,3.30950009207739,1.3241539193573746,1.0,3.9707955163782427,4.966485351014687,1.042108949351782e-06,"[['cell_mutational_rate', 1, 1, (1e-10, 1, False)], ['cell_direction_pause', 1, 1, (0, 1, False)], ['cell_direction_angle', 1, 1, None], ['cell_cycle', 1, 1, (0.5000000001, 5, False)], ['cell_direction_remember', 1, 1, (0, 1, False)], ['cell_vision_scale', 1, 1, (1.01, 20, False)], ['cell_vision_nconsidered', 1, 1, (1, 100, False)]]"
18,#527C9C,6.25,"(288.2081035290955, 146.91877500491952)",25.158490176247664,0.4394748556524627,0.023008536473483963,0.0,2.760371579897525,0.5000000001,1.0,3.643614877629542,3.969920845197539,2.145605470602768e-06,"[['cell_mutational_rate', 1, 1, (1e-10, 1, False)], ['cell_direction_pause', 1, 1, (0, 1, False)], ['cell_direction_angle', 1, 1, None], ['cell_cycle', 1, 1, (0.5000000001, 5, False)], ['cell_direction_remember', 1, 1, (0, 1, False)], ['cell_vision_scale', 1, 1, (1.01, 20, False)], ['cell_vision_nconsidered', 1, 1, (1, 100, False)]]"
19,#527C9C,6.25,"(242.65460934627242, 258.61100058186383)",28.0,-2.537510357641481,0.06229644426260316,0.0,2.760371579897525,0.5000000001,1.0,3.643614877629542,3.969920845197539,8.877978411463657e-06,"[['cell_mutational_rate', 1, 1, (1e-10, 1, False)], ['cell_direction_pause', 1, 1, (0, 1, False)], ['cell_direction_angle', 1, 1, None], ['cell_cycle', 1, 1, (0.5000000001, 5, False)], ['cell_direction_remember', 1, 1, (0, 1, False)], ['cell_vision_scale', 1, 1, (1.01, 20, False)], ['cell_vision_nconsidered', 1, 1, (1, 100, False)]]"
20,#527C9C,6.25,"(186.90182650151172, 346.34826355298213)",26.095008418189423,-0.5685132185353527,0.05828086863915623,0.0,2.760371579897525,0.5000000001,1.0,3.643614877629542,3.969920845197539,0.0005743745307709871,"[['cell_mutational_rate', 1, 1, (1e-10, 1, False)], ['cell_direction_pause', 1, 1, (0, 1, False)], ['cell_direction_angle', 1, 1, None], ['cell_cycle', 1, 1, (0.5000000001, 5, False)], ['cell_direction_remember', 1, 1, (0, 1, False)], ['cell_vision_scale', 1, 1, (1.01, 20, False)], ['cell_vision_nconsidered', 1, 1, (1, 100, False)]]"
21,#527C9C,6.25,"(138.08430959817764, 179.8224203163154)",27.029375227466975,0.26304101322096524,0.03227059114910776,0.43649376065452383,3.122804787096297,1.4390668441300165,0.9420943667380266,2.7405670843337724,4.390458661644344,0.32251364801843885,"[['cell_mutational_rate', 1, 1, (1e-10, 1, False)], ['cell_direction_pause', 1, 1, (0, 1, False)], ['cell_direction_angle', 1, 1, None], ['cell_cycle', 1, 1, (0.5000000001, 5, False)], ['cell_direction_remember', 1, 1, (0, 1, False)], ['cell_vision_scale', 1, 1, (1.01, 20, False)], ['cell_vision_nconsidered', 1, 1, (1, 100, False)]]"
22,#527C9C,6.25,"(88.40513889338428, 307.9088856250279)",27.02400005931391,0.36330778913791717,0.02688407010584734,0.0,2.760371579897525,0.5000000001,1.0,3.643614877629542,3.969920845197539,3.558834581783914e-06,"[['cell_mutational_rate', 1, 1, (1e-10, 1, False)], ['cell_direction_pause', 1, 1, (0, 1, False)], ['cell_direction_angle', 1, 1, None], ['cell_cycle', 1, 1, (0.5000000001, 5, False)], ['cell_direction_remember', 1, 1, (0, 1, False)], ['cell_vision_scale', 1, 1, (1.01, 20, False)], ['cell_vision_nconsidered', 1, 1, (1, 100, False)]]"
23,#527C9C,6.25,"(417.35343192997243, 372.26438915831864)",27.0,-1.686113743296356,0.0601667251596721,0.26869851650345544,3.30950009207739,1.3241539193573746,1.0,3.9707955163782427,4.966485351014687,3.5095803258650776e-06,"[['cell_mutational_rate', 1, 1, (1e-10, 1, False)], ['cell_direction_pause', 1, 1, (0, 1, False)], ['cell_direction_angle', 1, 1, None], ['cell_cycle', 1, 1, (0.5000000001, 5, False)], ['cell_direction_remember', 1, 1, (0, 1, False)], ['cell_vision_scale', 1, 1, (1.01, 20, False)], ['cell_vision_nconsidered', 1, 1, (1, 100, False)]]"
24,#527C9C,6.25,"(231.18828920675918, 269.36070082625395)",27.0,-2.3873178776683446,0.060170141397555714,0.0,2.760371579897525,0.5000000001,1.0,3.643614877629542,3.969920845197539,0.00020848385334297615,"[['cell_mutational_rate', 1, 1, (1e-10, 1, False)], ['cell_direction_pause', 1, 1, (0, 1, False)], ['cell_direction_angle', 1, 1, None], ['cell_cycle', 1, 1, (0.5000000001, 5, False)], ['cell_direction_remember', 1, 1, (0, 1, False)], ['cell_vision_scale', 1, 1, (1.01, 20, False)], ['cell_vision_nconsidered', 1, 1, (1, 100, False)]]"
25,#527C9C,6.25,"(208.80775230098772, 367.4942721060512)",27.0,-2.387148343566498,0.06016762978123208,0.0,3.733613380703673,0.8199606264598731,0.8715408347410583,3.643614877629542,3.969920845197539,5.778687392445309e-05,"[['cell_mutational_rate', 1, 1, (1e-10, 1, False)], ['cell_direction_pause', 1, 1, (0, 1, False)], ['cell_direction_angle', 1, 1, None], ['cell_cycle', 1, 1, (0.5000000001, 5, False)], ['cell_direction_remember', 1, 1, (0, 1, False)], ['cell_vision_scale', 1, 1, (1.01, 20, False)], ['cell_vision_nconsidered', 1, 1, (1, 100, False)]]"
26,#527C9C,6.25,"(153.54848402329966, 293.34004130931663)",24.10947511995679,0.08258480653357375,0.020886067898098003,0.0,2.760371579897525,0.5000000001,1.0,3.643614877629542,3.969920845197539,1.3743044521218083e-05,"[['cell_mutational_rate', 1, 1, (1e-10, 1, False)], ['cell_direction_pause', 1, 1, (0, 1, False)], ['cell_direction_angle', 1, 1, None], ['cell_cycle', 1, 1, (0.5000000001, 5, False)], ['cell_direction_remember', 1, 1, (0, 1, False)], ['cell_vision_scale', 1, 1, (1.01, 20, False)], ['cell_vision_nconsidered', 1, 1, (1, 100, False)]]"
27,#527C9C,6.25,"(336.97347615976935, 186.11275198591392)",22.023230233634838,0.7209966196469049,0.016785977020833585,0.0,2.760371579897525,0.5000000001,1.0,3.643614877629542,3.969920845197539,2.9194648040009813e-05,"[['cell_mutational_rate', 1, 1, (1e-10, 1, False)], ['cell_direction_pause', 1, 1, (0, 1, False)], ['cell_direction_angle', 1, 1, None], ['cell_cycle', 1, 1, (0.5000000001, 5, False)], ['cell_direction_remember', 1, 1, (0, 1, False)], ['cell_vision_scale', 1, 1, (1.01, 20, False)], ['cell_vision_nconsidered', 1, 1, (1, 100, False)]]"
28,#527C9C,6.25,"(128.3529534384334, 199.36013793278127)",26.0,-2.241918599644187,0.05807438871247467,0.0,2.760371579897525,0.5000000001,1.0,3.643614877629542,3.969920845197539,1.8878304035277306e-05,"[['cell_mutational_rate', 1, 1, (1e-10, 1, False)], ['cell_direction_pause', 1, 1, (0, 1, False)], ['cell_direction_angle', 1, 1, None], ['cell_cycle', 1, 1, (0.5000000001, 5, False)], ['cell_direction_remember', 1, 1, (0, 1, False)], ['cell_vision_scale', 1, 1, (1.01, 20, False)], ['cell_vision_nconsidered', 1, 1, (1, 100, False)]]"
29,#527C9C,6.25,"(137.73852144542838, 260.27048934511726)",24.098772378974047,-0.30449748056008286,0.054197848547138154,0.0,2.760371579897525,0.5000000001,1.0,3.643614877629542,3.969920845197539,7.387370461548916e-06,"[['cell_mutational_rate', 1, 1, (1e-10, 1, False)], ['cell_direction_pause', 1, 1, (0, 1, False)], ['cell_direction_angle', 1, 1, None], ['cell_cycle', 1, 1, (0.5000000001, 5, False)], ['cell_direction_remember', 1, 1, (0, 1, False)], ['cell_vision_scale', 1, 1, (1.01, 20, False)], ['cell_vision_nconsidered', 1, 1, (1, 100, False)]]"
30,#527C9C,6.25,"(358.4125609193402, 292.01941584140394)",26.0,-1.8254629819255215,0.05807407441884787,0.1848041089133996,2.0391612026914268,0.5973086642978476,0.7801261528322521,4.035545329919628,3.0416895371196095,2.0686427381283147e-08,"[['cell_mutational_rate', 1, 1, (1e-10, 1, False)], ['cell_direction_pause', 1, 1, (0, 1, False)], ['cell_direction_angle', 1, 1, None], ['cell_cycle', 1, 1, (0.5000000001, 5, False)], ['cell_direction_remember', 1, 1, (0, 1, False)], ['cell_vision_scale', 1, 1, (1.01, 20, False)], ['cell_vision_nconsidered', 1, 1, (1, 100, False)]]"
31,#527C9C,6.25,"(327.050983644595, 345.4541069479492)",25.0,-1.3449303078783232,0.05601909103029143,0.26869851650345544,3.30950009207739,1.3241539193573746,1.0,3.9707955163782427,4.966485351014687,3.4350706373733995e-05,"[['cell_mutational_rate', 1, 1, (1e-10, 1, False)], ['cell_direction_pause', 1, 1, (0, 1, False)], ['cell_direction_angle', 1, 1, None], ['cell_cycle', 1, 1, (0.5000000001, 5, False)], ['cell_direction_remember', 1, 1, (0, 1, False)], ['cell_vision_scale', 1, 1, (1.01, 20, False)], ['cell_vision_nconsidered', 1, 1, (1, 100, False)]]"
32,#527C9C,6.25,"(354.5762888629002, 208.53862844623757)",22.104407341184142,0.7989048190473906,0.016942029333369465,0.1848041089133996,2.0391612026914268,0.5973086642978476,0.7801261528322521,4.035545329919628,3.0416895371196095,3.5513989619759207e-07,"[['cell_mutational_rate', 1, 1, (1e-10, 1, False)], ['cell_direction_pause', 1, 1, (0, 1, False)], ['cell_direction_angle', 1, 1, None], ['cell_cycle', 1, 1, (0.5000000001, 5, False)], ['cell_direction_remember', 1, 1, (0, 1, False)], ['cell_vision_scale', 1, 1, (1.01, 20, False)], ['cell_vision_nconsidered', 1, 1, (1, 100, False)]]"
33,#527C9C,6.25,"(318.79660568717685, 260.75957282687745)",24.0,-1.9686882714045164,0.05403060699254442,0.0,2.760371579897525,0.5000000001,1.0,3.643614877629542,3.969920845197539,0.001836419552664472,"[['cell_mutational_rate', 1, 1, (1e-10, 1, False)], ['cell_direction_pause', 1, 1, (0, 1, False)], ['cell_direction_angle', 1, 1, None], ['cell_cycle', 1, 1, (0.5000000001, 5, False)], ['cell_direction_remember', 1, 1, (0, 1, False)], ['cell_vision_scale', 1, 1, (1.01, 20, False)], ['cell_vision_nconsidered', 1, 1, (1, 100, False)]]"
34,#527C9C,6.25,"(326.4557148412113, 334.0160567230989)",22.08727950361647,0.6247340418453671,0.016908982894308276,0.26869851650345544,3.30950009207739,1.3241539193573746,1.0,3.9707955163782427,4.966485351014687,4.3356086928320007e-07,"[['cell_mutational_rate', 1, 1, (1e-10, 1, False)], ['cell_direction_pause', 1, 1, (0, 1, False)], ['cell_direction_angle', 1, 1, None], ['cell_cycle', 1, 1, (0.5000000001, 5, False)], ['cell_direction_remember', 1, 1, (0, 1, False)], ['cell_vision_scale', 1, 1, (1.01, 20, False)], ['cell_vision_nconsidered', 1, 1, (1, 100, False)]]"
35,#527C9C,6.25,"(260.7192733810497, 396.6933804567635)",24.0,-1.3885191091875857,0.05400001312597927,0.26869851650345544,3.30950009207739,1.3241539193573746,1.0,3.9707955163782427,4.966485351014687,7.875587557389351e-07,"[['cell_mutational_rate', 1, 1, (1e-10, 1, False)], ['cell_direction_pause', 1, 1, (0, 1, False)], ['cell_direction_angle', 1, 1, None], ['cell_cycle', 1, 1, (0.5000000001, 5, False)], ['cell_direction_remember', 1, 1, (0, 1, False)], ['cell_vision_scale', 1, 1, (1.01, 20, False)], ['cell_vision_nconsidered', 1, 1, (1, 100, False)]]"
36,#527C9C,6.25,"(288.3220750162607, 147.61465124350806)",22.013455312038978,0.8300318272325815,0.016766687945315575,0.0,2.760371579897525,0.5000000001,1.0,3.643614877629542,3.969920845197539,1.7950550720251264e-06,"[['cell_mutational_rate', 1, 1, (1e-10, 1, False)], ['cell_direction_pause', 1, 1, (0, 1, False)], ['cell_direction_angle', 1, 1, None], ['cell_cycle', 1, 1, (0.5000000001, 5, False)], ['cell_direction_remember', 1, 1, (0, 1, False)], ['cell_vision_scale', 1, 1, (1.01, 20, False)], ['cell_vision_nconsidered', 1, 1, (1, 100, False)]]"
37,#527C9C,6.25,"(188.53559587878578, 319.77469050964226)",21.00465259449367,1.15162283302178,0.014842532489741359,0.0,2.760371579897525,0.5000000001,1.0,3.643614877629542,3.969920845197539,2.4631290048434328e-05,"[['cell_mutational_rate', 1, 1, (1e-10, 1, False)], ['cell_direction_pause', 1, 1, (0, 1, False)], ['cell_direction_angle', 1, 1, None], ['cell_cycle', 1, 1, (0.5000000001, 5, False)], ['cell_direction_remember', 1, 1, (0, 1, False)], ['cell_vision_scale', 1, 1, (1.01, 20, False)], ['cell_vision_nconsidered', 1, 1, (1, 100, False)]]"
38,#527C9C,6.25,"(248.87983588311613, 400.3523156748811)",23.021407435074067,0.8317444191262079,0.018727243340661014,0.26869851650345544,3.30950009207739,1.3241539193573746,1.0,3.9707955163782427,4.966485351014687,1.6599995187732788e-06,"[['cell_mutational_rate', 1, 1, (1e-10, 1, False)], ['cell_direction_pause', 1, 1, (0, 1, False)], ['cell_direction_angle', 1, 1, None], ['cell_cycle', 1, 1, (0.5000000001, 5, False)], ['cell_direction_remember', 1, 1, (0, 1, False)], ['cell_vision_scale', 1, 1, (1.01, 20, False)], ['cell_vision_nconsidered', 1, 1, (1, 100, False)]]"
39,#527C9C,6.25,"(316.5182637771488, 354.7346909690855)",22.052020243135967,-0.2202287528948077,0.050176035939519414,0.26869851650345544,3.30950009207739,1.3241539193573746,1.0,3.9707955163782427,4.966485351014687,0.0001034770469022023,"[['cell_mutational_rate', 1, 1, (1e-10, 1, False)], ['cell_direction_pause', 1, 1, (0, 1, False)], ['cell_direction_angle', 1, 1, None], ['cell_cycle', 1, 1, (0.5000000001, 5, False)], ['cell_direction_remember', 1, 1, (0, 1, False)], ['cell_vision_scale', 1, 1, (1.01, 20, False)], ['cell_vision_nconsidered', 1, 1, (1, 100, False)]]"
40,#527C9C,6.25,"(349.95282134394853, 312.2376311371845)",23.0,-1.3026129283644305,0.052018997007267635,0.26869851650345544,3.30950009207739,1.3241539193573746,1.0,3.9707955163782427,4.966485351014687,2.8709324947350524e-05,"[['cell_mutational_rate', 1, 1, (1e-10, 1, False)], ['cell_direction_pause', 1, 1, (0, 1, False)], ['cell_direction_angle', 1, 1, None], ['cell_cycle', 1, 1, (0.5000000001, 5, False)], ['cell_direction_remember', 1, 1, (0, 1, False)], ['cell_vision_scale', 1, 1, (1.01, 20, False)], ['cell_vision_nconsidered', 1, 1, (1, 100, False)]]"
41,#527C9C,6.25,"(345.4258812723426, 184.41401077400528)",21.034571333080862,1.044005990858162,0.014898679757131559,0.0,2.760371579897525,0.5000000001,1.0,3.643614877629542,3.969920845197539,1.3730375391302065e-06,"[['cell_mutational_rate', 1, 1, (1e-10, 1, False)], ['cell_direction_pause', 1, 1, (0, 1, False)], ['cell_direction_angle', 1, 1, None], ['cell_cycle', 1, 1, (0.5000000001, 5, False)], ['cell_direction_remember', 1, 1, (0, 1, False)], ['cell_vision_scale', 1, 1, (1.01, 20, False)], ['cell_vision_nconsidered', 1, 1, (1, 100, False)]]"
42,#527C9C,6.25,"(339.01613237597167, 312.678022350598)",22.05201851896155,-0.7004907644428247,0.050174308441146565,0.1848041089133996,2.0391612026914268,0.5973086642978476,0.7801261528322521,4.035545329919628,3.0416895371196095,2.6581776347628897e-08,"[['cell_mutational_rate', 1, 1, (1e-10, 1, False)], ['cell_direction_pause', 1, 1, (0, 1, False)], ['cell_direction_angle', 1, 1, None], ['cell_cycle', 1, 1, (0.5000000001, 5, False)], ['cell_direction_remember', 1, 1, (0, 1, False)], ['cell_vision_scale', 1, 1, (1.01, 20, False)], ['cell_vision_nconsidered', 1, 1, (1, 100, False)]]"
43,#527C9C,6.25,"(192.1980714175437, 348.8378669625784)",20.064978228156377,0.03659541491924288,0.05237933822493135,0.42478184304458466,3.1089161680722848,0.5000000001,0.4169270436825856,2.4602675938207064,5.226258313611375,2.3577580212894675,"[['cell_mutational_rate', 1, 1, (1e-10, 1, False)], ['cell_direction_pause', 1, 1, (0, 1, False)], ['cell_direction_angle', 1, 1, None], ['cell_cycle', 1, 1, (0.5000000001, 5, False)], ['cell_direction_remember', 1, 1, (0, 1, False)], ['cell_vision_scale', 1, 1, (1.01, 20, False)], ['cell_vision_nconsidered', 1, 1, (1, 100, False)]]"
44,#527C9C,6.25,"(333.62233167834324, 327.8190154284766)",22.0,-1.0101395679541634,0.050074094968390215,0.26869851650345544,3.30950009207739,1.3241539193573746,1.0,3.9707955163782427,4.966485351014687,1.2536589680407586e-06,"[['cell_mutational_rate', 1, 1, (1e-10, 1, False)], ['cell_direction_pause', 1, 1, (0, 1, False)], ['cell_direction_angle', 1, 1, None], ['cell_cycle', 1, 1, (0.5000000001, 5, False)], ['cell_direction_remember', 1, 1, (0, 1, False)], ['cell_vision_scale', 1, 1, (1.01, 20, False)], ['cell_vision_nconsidered', 1, 1, (1, 100, False)]]"
45,#527C9C,6.25,"(113.568487397848, 178.74291853438461)",21.042018518518518,-0.7790662209364523,0.06491273434157013,0.0,2.631240556865712,0.5000000001,1.0,2.556759331299555,3.336121078957026,1.0,"[['cell_mutational_rate', 1, 1, (1e-10, 1, False)], ['cell_direction_pause', 1, 1, (0, 1, False)], ['cell_direction_angle', 1, 1, None], ['cell_cycle', 1, 1, (0.5000000001, 5, False)], ['cell_direction_remember', 1, 1, (0, 1, False)], ['cell_vision_scale', 1, 1, (1.01, 20, False)], ['cell_vision_nconsidered', 1, 1, (1, 100, False)]]"
46,#527C9C,6.25,"(246.63556219641356, 356.4092626509465)",20.028167268825136,0.42812444427225504,0.013015741422866864,0.0,3.733613380703673,0.8199606264598731,0.8715408347410583,3.643614877629542,3.969920845197539,3.612950807117262e-05,"[['cell_mutational_rate', 1, 1, (1e-10, 1, False)], ['cell_direction_pause', 1, 1, (0, 1, False)], ['cell_direction_angle', 1, 1, None], ['cell_cycle', 1, 1, (0.5000000001, 5, False)], ['cell_direction_remember', 1, 1, (0, 1, False)], ['cell_vision_scale', 1, 1, (1.01, 20, False)], ['cell_vision_nconsidered', 1, 1, (1, 100, False)]]"
47,#527C9C,6.25,"(355.99983888660086, 210.93988009391137)",20.020166672347536,0.9925135265904964,0.013000321864748646,0.1848041089133996,2.0391612026914268,0.5973086642978476,0.7801261528322521,4.035545329919628,3.0416895371196095,3.4085222174997647e-07,"[['cell_mutational_rate', 1, 1, (1e-10, 1, False)], ['cell_direction_pause', 1, 1, (0, 1, False)], ['cell_direction_angle', 1, 1, None], ['cell_cycle', 1, 1, (0.5000000001, 5, False)], ['cell_direction_remember', 1, 1, (0, 1, False)], ['cell_vision_scale', 1, 1, (1.01, 20, False)], ['cell_vision_nconsidered', 1, 1, (1, 100, False)]]"
48,#527C9C,6.25,"(138.6022186564459, 215.24773682573408)",18.02424172696392,0.6674449800267447,0.009378456692629837,0.0,2.760371579897525,0.5000000001,1.0,3.643614877629542,3.969920845197539,0.00012096439127662189,"[['cell_mutational_rate', 1, 1, (1e-10, 1, False)], ['cell_direction_pause', 1, 1, (0, 1, False)], ['cell_direction_angle', 1, 1, None], ['cell_cycle', 1, 1, (0.5000000001, 5, False)], ['cell_direction_remember', 1, 1, (0, 1, False)], ['cell_vision_scale', 1, 1, (1.01, 20, False)], ['cell_vision_nconsidered', 1, 1, (1, 100, False)]]"
49,#527C9C,6.25,"(341.20571646886856, 314.3093836741842)",21.0,-1.3607543437762673,0.04816799776292939,0.26869851650345544,3.30950009207739,1.3241539193573746,1.0,3.9707955163782427,4.966485351014687,7.986577576369991e-05,"[['cell_mutational_rate', 1, 1, (1e-10, 1, False)], ['cell_direction_pause', 1, 1, (0, 1, False)], ['cell_direction_angle', 1, 1, None], ['cell_cycle', 1, 1, (0.5000000001, 5, False)], ['cell_direction_remember', 1, 1, (0, 1, False)], ['cell_vision_scale', 1, 1, (1.01, 20, False)], ['cell_vision_nconsidered', 1, 1, (1, 100, False)]]"
50,#527C9C,6.25,"(186.44634357799026, 344.7796266035183)",20.025369754047976,0.6034959816712582,0.013027858104073309,0.0,2.760371579897525,0.5000000001,1.0,3.643614877629542,3.969920845197539,0.0010741317674892508,"[['cell_mutational_rate', 1, 1, (1e-10, 1, False)], ['cell_direction_pause', 1, 1, (0, 1, False)], ['cell_direction_angle', 1, 1, None], ['cell_cycle', 1, 1, (0.5000000001, 5, False)], ['cell_direction_remember', 1, 1, (0, 1, False)], ['cell_vision_scale', 1, 1, (1.01, 20, False)], ['cell_vision_nconsidered', 1, 1, (1, 100, False)]]"
51,#527C9C,6.25,"(148.98353025516556, 278.47260551782284)",20.025352121370652,0.6044403019176079,0.013010192757082218,0.0,2.760371579897525,0.5000000001,1.0,3.643614877629542,3.969920845197539,1.6171128129991885e-05,"[['cell_mutational_rate', 1, 1, (1e-10, 1, False)], ['cell_direction_pause', 1, 1, (0, 1, False)], ['cell_direction_angle', 1, 1, None], ['cell_cycle', 1, 1, (0.5000000001, 5, False)], ['cell_direction_remember', 1, 1, (0, 1, False)], ['cell_vision_scale', 1, 1, (1.01, 20, False)], ['cell_vision_nconsidered', 1, 1, (1, 100, False)]]"
52,#527C9C,6.25,"(337.33085344647486, 186.77470738159184)",20.02268526571453,0.7802672534018443,0.013005062773654609,0.0,2.760371579897525,0.5000000001,1.0,3.643614877629542,3.969920845197539,4.831760683989515e-06,"[['cell_mutational_rate', 1, 1, (1e-10, 1, False)], ['cell_direction_pause', 1, 1, (0, 1, False)], ['cell_direction_angle', 1, 1, None], ['cell_cycle', 1, 1, (0.5000000001, 5, False)], ['cell_direction_remember', 1, 1, (0, 1, False)], ['cell_vision_scale', 1, 1, (1.01, 20, False)], ['cell_vision_nconsidered', 1, 1, (1, 100, False)]]"
53,#527C9C,6.25,"(218.15564970174418, 165.68141611820752)",18.026115755083733,0.5738113478177809,0.009379840367510103,0.0,2.760371579897525,0.5000000001,1.0,3.643614877629542,3.969920845197539,3.983694271006126e-06,"[['cell_mutational_rate', 1, 1, (1e-10, 1, False)], ['cell_direction_pause', 1, 1, (0, 1, False)], ['cell_direction_angle', 1, 1, None], ['cell_cycle', 1, 1, (0.5000000001, 5, False)], ['cell_direction_remember', 1, 1, (0, 1, False)], ['cell_vision_scale', 1, 1, (1.01, 20, False)], ['cell_vision_nconsidered', 1, 1, (1, 100, False)]]"
54,#527C9C,6.25,"(328.28809736212577, 409.67444257457765)",20.0,-1.4754877687762886,0.0462967924125628,0.0,3.733613380703673,0.8199606264598731,0.8715408347410583,3.643614877629542,3.969920845197539,2.976697599075979e-05,"[['cell_mutational_rate', 1, 1, (1e-10, 1, False)], ['cell_direction_pause', 1, 1, (0, 1, False)], ['cell_direction_angle', 1, 1, None], ['cell_cycle', 1, 1, (0.5000000001, 5, False)], ['cell_direction_remember', 1, 1, (0, 1, False)], ['cell_vision_scale', 1, 1, (1.01, 20, False)], ['cell_vision_nconsidered', 1, 1, (1, 100, False)]]"
55,#527C9C,6.25,"(190.5073220866652, 344.7583587840271)",17.03406696990359,0.4821287615829264,0.00763390283134567,0.0,3.733613380703673,0.8199606264598731,0.8715408347410583,3.643614877629542,3.969920845197539,3.033018143339907e-05,"[['cell_mutational_rate', 1, 1, (1e-10, 1, False)], ['cell_direction_pause', 1, 1, (0, 1, False)], ['cell_direction_angle', 1, 1, None], ['cell_cycle', 1, 1, (0.5000000001, 5, False)], ['cell_direction_remember', 1, 1, (0, 1, False)], ['cell_vision_scale', 1, 1, (1.01, 20, False)], ['cell_vision_nconsidered', 1, 1, (1, 100, False)]]"
56,#527C9C,6.25,"(207.10417315582302, 204.18825853343384)",19.0,-1.3643104337216583,0.0444630656611967,0.0,2.760371579897525,0.5000000001,1.0,3.643614877629542,3.969920845197539,6.161894024059945e-06,"[['cell_mutational_rate', 1, 1, (1e-10, 1, False)], ['cell_direction_pause', 1, 1, (0, 1, False)], ['cell_direction_angle', 1, 1, None], ['cell_cycle', 1, 1, (0.5000000001, 5, False)], ['cell_direction_remember', 1, 1, (0, 1, False)], ['cell_vision_scale', 1, 1, (1.01, 20, False)], ['cell_vision_nconsidered', 1, 1, (1, 100, False)]]"
57,#527C9C,6.25,"(136.78666840608477, 248.05464157747116)",17.033699433688042,0.31687104736748267,0.007633309965807607,0.0,2.760371579897525,0.5000000001,1.0,3.643614877629542,3.969920845197539,3.317303900410836e-05,"[['cell_mutational_rate', 1, 1, (1e-10, 1, False)], ['cell_direction_pause', 1, 1, (0, 1, False)], ['cell_direction_angle', 1, 1, None], ['cell_cycle', 1, 1, (0.5000000001, 5, False)], ['cell_direction_remember', 1, 1, (0, 1, False)], ['cell_vision_scale', 1, 1, (1.01, 20, False)], ['cell_vision_nconsidered', 1, 1, (1, 100, False)]]"
58,#527C9C,6.25,"(185.19590344748926, 347.0712206333932)",17.029547183251214,0.9972903949539895,0.00763942624540082,0.0,2.760371579897525,0.5000000001,1.0,3.643614877629542,3.969920845197539,0.000834121099991427,"[['cell_mutational_rate', 1, 1, (1e-10, 1, False)], ['cell_direction_pause', 1, 1, (0, 1, False)], ['cell_direction_angle', 1, 1, None], ['cell_cycle', 1, 1, (0.5000000001, 5, False)], ['cell_direction_remember', 1, 1, (0, 1, False)], ['cell_vision_scale', 1, 1, (1.01, 20, False)], ['cell_vision_nconsidered', 1, 1, (1, 100, False)]]"
59,#527C9C,6.25,"(311.2932172223088, 355.95433205178307)",18.0,-0.7513890223502105,0.04266667111537739,0.26869851650345544,3.30950009207739,1.3241539193573746,1.0,3.9707955163782427,4.966485351014687,2.669226431677822e-07,"[['cell_mutational_rate', 1, 1, (1e-10, 1, False)], ['cell_direction_pause', 1, 1, (0, 1, False)], ['cell_direction_angle', 1, 1, None], ['cell_cycle', 1, 1, (0.5000000001, 5, False)], ['cell_direction_remember', 1, 1, (0, 1, False)], ['cell_vision_scale', 1, 1, (1.01, 20, False)], ['cell_vision_nconsidered', 1, 1, (1, 100, False)]]"
60,#527C9C,6.25,"(337.61186570493476, 186.8662240334482)",18.0,-1.2576400055568528,0.042666691481510324,0.0,2.760371579897525,0.5000000001,1.0,3.643614877629542,3.969920845197539,1.4888906188186725e-06,"[['cell_mutational_rate', 1, 1, (1e-10, 1, False)], ['cell_direction_pause', 1, 1, (0, 1, False)], ['cell_direction_angle', 1, 1, None], ['cell_cycle', 1, 1, (0.5000000001, 5, False)], ['cell_direction_remember', 1, 1, (0, 1, False)], ['cell_vision_scale', 1, 1, (1.01, 20, False)], ['cell_vision_nconsidered', 1, 1, (1, 100, False)]]"
61,#527C9C,6.25,"(143.70827102263542, 170.57205375793777)",17.0,-1.1644166303389776,0.041120260583139334,0.0,2.760371579897525,0.5000000001,1.0,4.111806638386783,3.969920845197539,0.012771190543915944,"[['cell_mutational_rate', 1, 1, (1e-10, 1, False)], ['cell_direction_pause', 1, 1, (0, 1, False)], ['cell_direction_angle', 1, 1, None], ['cell_cycle', 1, 1, (0.5000000001, 5, False)], ['cell_direction_remember', 1, 1, (0, 1, False)], ['cell_vision_scale', 1, 1, (1.01, 20, False)], ['cell_vision_nconsidered', 1, 1, (1, 100, False)]]"
62,#527C9C,6.25,"(337.0536679746819, 185.3831499162613)",17.0,-1.1553710571032239,0.040907423565827494,0.0,2.760371579897525,0.5000000001,1.0,3.643614877629542,3.969920845197539,9.695052047822049e-07,"[['cell_mutational_rate', 1, 1, (1e-10, 1, False)], ['cell_direction_pause', 1, 1, (0, 1, False)], ['cell_direction_angle', 1, 1, None], ['cell_cycle', 1, 1, (0.5000000001, 5, False)], ['cell_direction_remember', 1, 1, (0, 1, False)], ['cell_vision_scale', 1, 1, (1.01, 20, False)], ['cell_vision_nconsidered', 1, 1, (1, 100, False)]]"
63,#527C9C,6.25,"(239.44838940076707, 147.06010197410936)",15.003447121025012,1.2798010929323924,0.004172464031198805,0.0,2.760371579897525,0.5000000001,1.0,3.643614877629542,3.969920845197539,3.1165664901666094e-06,"[['cell_mutational_rate', 1, 1, (1e-10, 1, False)], ['cell_direction_pause', 1, 1, (0, 1, False)], ['cell_direction_angle', 1, 1, None], ['cell_cycle', 1, 1, (0.5000000001, 5, False)], ['cell_direction_remember', 1, 1, (0, 1, False)], ['cell_vision_scale', 1, 1, (1.01, 20, False)], ['cell_vision_nconsidered', 1, 1, (1, 100, False)]]"
64,#527C9C,6.25,"(286.7635116928264, 148.08688507070133)",15.013382149844244,0.9120933874220234,0.004189001845139143,0.0,2.760371579897525,0.5000000001,1.0,3.643614877629542,3.969920845197539,1.6967439972118049e-06,"[['cell_mutational_rate', 1, 1, (1e-10, 1, False)], ['cell_direction_pause', 1, 1, (0, 1, False)], ['cell_direction_angle', 1, 1, None], ['cell_cycle', 1, 1, (0.5000000001, 5, False)], ['cell_direction_remember', 1, 1, (0, 1, False)], ['cell_vision_scale', 1, 1, (1.01, 20, False)], ['cell_vision_nconsidered', 1, 1, (1, 100, False)]]"
65,#527C9C,6.25,"(175.11621554374116, 320.66726656994734)",16.0,-1.0574256149263814,0.03918564037315953,0.0,2.760371579897525,0.5000000001,1.0,3.643614877629542,3.969920845197539,2.7311278460831924e-05,"[['cell_mutational_rate', 1, 1, (1e-10, 1, False)], ['cell_direction_pause', 1, 1, (0, 1, False)], ['cell_direction_angle', 1, 1, None], ['cell_cycle', 1, 1, (0.5000000001, 5, False)], ['cell_direction_remember', 1, 1, (0, 1, False)], ['cell_vision_scale', 1, 1, (1.01, 20, False)], ['cell_vision_nconsidered', 1, 1, (1, 100, False)]]"
66,#527C9C,6.25,"(313.44125727100135, 423.1634770061895)",16.0,-0.7211576105334112,0.03918519257158532,0.26869851650345544,3.30950009207739,1.3241539193573746,1.0,3.9707955163782427,4.966485351014687,4.4318400815500693e-07,"[['cell_mutational_rate', 1, 1, (1e-10, 1, False)], ['cell_direction_pause', 1, 1, (0, 1, False)], ['cell_direction_angle', 1, 1, None], ['cell_cycle', 1, 1, (0.5000000001, 5, False)], ['cell_direction_remember', 1, 1, (0, 1, False)], ['cell_vision_scale', 1, 1, (1.01, 20, False)], ['cell_vision_nconsidered', 1, 1, (1, 100, False)]]"
67,#527C9C,6.25,"(186.28951700261084, 311.6732471475993)",16.0,-1.0574144983054314,0.039185362457635785,0.0,2.760371579897525,0.5000000001,1.0,3.643614877629542,3.969920845197539,1.0636347036017119e-05,"[['cell_mutational_rate', 1, 1, (1e-10, 1, False)], ['cell_direction_pause', 1, 1, (0, 1, False)], ['cell_direction_angle', 1, 1, None], ['cell_cycle', 1, 1, (0.5000000001, 5, False)], ['cell_direction_remember', 1, 1, (0, 1, False)], ['cell_vision_scale', 1, 1, (1.01, 20, False)], ['cell_vision_nconsidered', 1, 1, (1, 100, False)]]"
68,#527C9C,6.25,"(333.3436940519297, 359.42668572632766)",13.003457831875743,1.1584770949815943,0.0009186827797155591,0.26869851650345544,3.30950009207739,1.3241539193573746,1.0,3.9707955163782427,4.966485351014687,0.0003460940074723064,"[['cell_mutational_rate', 1, 1, (1e-10, 1, False)], ['cell_direction_pause', 1, 1, (0, 1, False)], ['cell_direction_angle', 1, 1, None], ['cell_cycle', 1, 1, (0.5000000001, 5, False)], ['cell_direction_remember', 1, 1, (0, 1, False)], ['cell_vision_scale', 1, 1, (1.01, 20, False)], ['cell_vision_nconsidered', 1, 1, (1, 100, False)]]"
69,#527C9C,6.25,"(185.54400811671115, 345.62632014068004)",14.017796871553578,1.2323115175516466,0.0025481019503441247,0.0,3.733613380703673,0.8199606264598731,0.8715408347410583,3.643614877629542,3.969920845197539,3.451543692319929e-05,"[['cell_mutational_rate', 1, 1, (1e-10, 1, False)], ['cell_direction_pause', 1, 1, (0, 1, False)], ['cell_direction_angle', 1, 1, None], ['cell_cycle', 1, 1, (0.5000000001, 5, False)], ['cell_direction_remember', 1, 1, (0, 1, False)], ['cell_vision_scale', 1, 1, (1.01, 20, False)], ['cell_vision_nconsidered', 1, 1, (1, 100, False)]]"
70,#527C9C,6.25,"(185.2886585420026, 274.05705683333366)",15.0,-0.9645695970819173,0.037524325057986925,0.0,2.760371579897525,0.5000000001,1.0,3.643614877629542,3.969920845197539,0.0014595034792156314,"[['cell_mutational_rate', 1, 1, (1e-10, 1, False)], ['cell_direction_pause', 1, 1, (0, 1, False)], ['cell_direction_angle', 1, 1, None], ['cell_cycle', 1, 1, (0.5000000001, 5, False)], ['cell_direction_remember', 1, 1, (0, 1, False)], ['cell_vision_scale', 1, 1, (1.01, 20, False)], ['cell_vision_nconsidered', 1, 1, (1, 100, False)]]"
71,#527C9C,6.25,"(231.85583413773566, 267.4279218612613)",15.0,-1.5886574074074074,0.05416666666666667,0.0,2.1568987426941195,1.2850153912714264,1.0,2.265957572552233,4.341067216289893,1.0,"[['cell_mutational_rate', 1, 1, (1e-10, 1, False)], ['cell_direction_pause', 1, 1, (0, 1, False)], ['cell_direction_angle', 1, 1, None], ['cell_cycle', 1, 1, (0.5000000001, 5, False)], ['cell_direction_remember', 1, 1, (0, 1, False)], ['cell_vision_scale', 1, 1, (1.01, 20, False)], ['cell_vision_nconsidered', 1, 1, (1, 100, False)]]"
72,#527C9C,6.25,"(203.6009897852463, 147.42000422441055)",15.0,-0.964010603309698,0.037509418557394425,0.0,2.760371579897525,0.5000000001,1.0,3.643614877629542,3.969920845197539,0.0005651134436647666,"[['cell_mutational_rate', 1, 1, (1e-10, 1, False)], ['cell_direction_pause', 1, 1, (0, 1, False)], ['cell_direction_angle', 1, 1, None], ['cell_cycle', 1, 1, (0.5000000001, 5, False)], ['cell_direction_remember', 1, 1, (0, 1, False)], ['cell_vision_scale', 1, 1, (1.01, 20, False)], ['cell_vision_nconsidered', 1, 1, (1, 100, False)]]"
73,#527C9C,6.25,"(337.9406282172615, 186.56372225718545)",11.992660251778908,1.2447237226267336,-0.0006779490716676569,0.0,2.760371579897525,0.5000000001,1.0,3.643614877629542,3.969920845197539,8.039009571342102e-06,"[['cell_mutational_rate', 1, 1, (1e-10, 1, False)], ['cell_direction_pause', 1, 1, (0, 1, False)], ['cell_direction_angle', 1, 1, None], ['cell_cycle', 1, 1, (0.5000000001, 5, False)], ['cell_direction_remember', 1, 1, (0, 1, False)], ['cell_vision_scale', 1, 1, (1.01, 20, False)], ['cell_vision_nconsidered', 1, 1, (1, 100, False)]]"
74,#527C9C,6.25,"(190.63724161651757, 335.07941485843025)",14.037500269814792,-0.0011677952768871513,0.03591325925949424,0.0,2.760371579897525,0.5000000001,1.0,3.643614877629542,3.969920845197539,1.6188887500965207e-05,"[['cell_mutational_rate', 1, 1, (1e-10, 1, False)], ['cell_direction_pause', 1, 1, (0, 1, False)], ['cell_direction_angle', 1, 1, None], ['cell_cycle', 1, 1, (0.5000000001, 5, False)], ['cell_direction_remember', 1, 1, (0, 1, False)], ['cell_vision_scale', 1, 1, (1.01, 20, False)], ['cell_vision_nconsidered', 1, 1, (1, 100, False)]]"
75,#527C9C,6.25,"(239.35691082362135, 145.8212376423865)",14.018963011597826,1.1450052066363916,0.0025494764981290738,0.0,2.760371579897525,0.5000000001,1.0,3.643614877629542,3.969920845197539,2.9180917247912415e-06,"[['cell_mutational_rate', 1, 1, (1e-10, 1, False)], ['cell_direction_pause', 1, 1, (0, 1, False)], ['cell_direction_angle', 1, 1, None], ['cell_cycle', 1, 1, (0.5000000001, 5, False)], ['cell_direction_remember', 1, 1, (0, 1, False)], ['cell_vision_scale', 1, 1, (1.01, 20, False)], ['cell_vision_nconsidered', 1, 1, (1, 100, False)]]"
76,#527C9C,6.25,"(162.18145962212424, 170.95428603451012)",14.0,-0.8740389250984345,0.03585217034672777,0.0,2.760371579897525,0.5000000001,1.0,3.643614877629542,3.969920845197539,1.910969255448121e-05,"[['cell_mutational_rate', 1, 1, (1e-10, 1, False)], ['cell_direction_pause', 1, 1, (0, 1, False)], ['cell_direction_angle', 1, 1, None], ['cell_cycle', 1, 1, (0.5000000001, 5, False)], ['cell_direction_remember', 1, 1, (0, 1, False)], ['cell_vision_scale', 1, 1, (1.01, 20, False)], ['cell_vision_nconsidered', 1, 1, (1, 100, False)]]"
77,#527C9C,6.25,"(186.18712012362403, 346.0262706302438)",14.0,-0.8740286592375524,0.03585187703641685,0.0,2.760371579897525,0.5000000001,1.0,3.643614877629542,3.969920845197539,1.511073899367038e-06,"[['cell_mutational_rate', 1, 1, (1e-10, 1, False)], ['cell_direction_pause', 1, 1, (0, 1, False)], ['cell_direction_angle', 1, 1, None], ['cell_cycle', 1, 1, (0.5000000001, 5, False)], ['cell_direction_remember', 1, 1, (0, 1, False)], ['cell_vision_scale', 1, 1, (1.01, 20, False)], ['cell_vision_nconsidered', 1, 1, (1, 100, False)]]"
78,#527C9C,6.25,"(246.4120108282864, 148.38395606408616)",13.018963049535174,1.1473479969855889,0.0009377010510496627,0.0,2.760371579897525,0.5000000001,1.0,3.643614877629542,3.969920845197539,5.194332676629974e-06,"[['cell_mutational_rate', 1, 1, (1e-10, 1, False)], ['cell_direction_pause', 1, 1, (0, 1, False)], ['cell_direction_angle', 1, 1, None], ['cell_cycle', 1, 1, (0.5000000001, 5, False)], ['cell_direction_remember', 1, 1, (0, 1, False)], ['cell_vision_scale', 1, 1, (1.01, 20, False)], ['cell_vision_nconsidered', 1, 1, (1, 100, False)]]"
79,#527C9C,6.25,"(155.3271022524217, 139.87408216548442)",12.017797447798836,1.23303701603001,-0.0006378243796042664,0.0,2.760371579897525,0.5000000001,1.0,3.643614877629542,3.969920845197539,6.909015235467306e-05,"[['cell_mutational_rate', 1, 1, (1e-10, 1, False)], ['cell_direction_pause', 1, 1, (0, 1, False)], ['cell_direction_angle', 1, 1, None], ['cell_cycle', 1, 1, (0.5000000001, 5, False)], ['cell_direction_remember', 1, 1, (0, 1, False)], ['cell_vision_scale', 1, 1, (1.01, 20, False)], ['cell_vision_nconsidered', 1, 1, (1, 100, False)]]"
80,#527C9C,6.25,"(204.56208072673078, 368.5143065970804)",12.025353480584709,0.7072918650037048,-0.0006255872825477811,0.0,3.733613380703673,0.8199606264598731,0.8715408347410583,3.643614877629542,3.969920845197539,9.772397147376413e-05,"[['cell_mutational_rate', 1, 1, (1e-10, 1, False)], ['cell_direction_pause', 1, 1, (0, 1, False)], ['cell_direction_angle', 1, 1, None], ['cell_cycle', 1, 1, (0.5000000001, 5, False)], ['cell_direction_remember', 1, 1, (0, 1, False)], ['cell_vision_scale', 1, 1, (1.01, 20, False)], ['cell_vision_nconsidered', 1, 1, (1, 100, False)]]"
81,#527C9C,6.25,"(245.03777597163014, 356.1580563823905)",13.0,-0.7884332521151856,0.03424096616194874,0.0,3.733613380703673,0.8199606264598731,0.8715408347410583,3.643614877629542,3.969920845197539,1.352527247948861e-05,"[['cell_mutational_rate', 1, 1, (1e-10, 1, False)], ['cell_direction_pause', 1, 1, (0, 1, False)], ['cell_direction_angle', 1, 1, None], ['cell_cycle', 1, 1, (0.5000000001, 5, False)], ['cell_direction_remember', 1, 1, (0, 1, False)], ['cell_vision_scale', 1, 1, (1.01, 20, False)], ['cell_vision_nconsidered', 1, 1, (1, 100, False)]]"
82,#527C9C,6.25,"(320.437598930277, 385.77282835800975)",13.0,-0.5941165036504537,0.03424614162749962,0.26869851650345544,3.30950009207739,1.3241539193573746,1.0,3.9707955163782427,4.966485351014687,0.0003240532055330718,"[['cell_mutational_rate', 1, 1, (1e-10, 1, False)], ['cell_direction_pause', 1, 1, (0, 1, False)], ['cell_direction_angle', 1, 1, None], ['cell_cycle', 1, 1, (0.5000000001, 5, False)], ['cell_direction_remember', 1, 1, (0, 1, False)], ['cell_vision_scale', 1, 1, (1.01, 20, False)], ['cell_vision_nconsidered', 1, 1, (1, 100, False)]]"
83,#527C9C,6.25,"(243.2505550689979, 356.04727471509636)",11.029634529001122,0.4373164522618568,-0.002153787488074567,0.0,3.733613380703673,0.8199606264598731,0.8715408347410583,3.643614877629542,3.969920845197539,0.00029396228952489575,"[['cell_mutational_rate', 1, 1, (1e-10, 1, False)], ['cell_direction_pause', 1, 1, (0, 1, False)], ['cell_direction_angle', 1, 1, None], ['cell_cycle', 1, 1, (0.5000000001, 5, False)], ['cell_direction_remember', 1, 1, (0, 1, False)], ['cell_vision_scale', 1, 1, (1.01, 20, False)], ['cell_vision_nconsidered', 1, 1, (1, 100, False)]]"
84,#527C9C,6.25,"(280.6265735505897, 133.77097950468163)",11.029629701510213,0.43746613981868143,-0.0021586223149145027,0.0,2.760371579897525,0.5000000001,1.0,3.643614877629542,3.969920845197539,4.312835075371412e-06,"[['cell_mutational_rate', 1, 1, (1e-10, 1, False)], ['cell_direction_pause', 1, 1, (0, 1, False)], ['cell_direction_angle', 1, 1, None], ['cell_cycle', 1, 1, (0.5000000001, 5, False)], ['cell_direction_remember', 1, 1, (0, 1, False)], ['cell_vision_scale', 1, 1, (1.01, 20, False)], ['cell_vision_nconsidered', 1, 1, (1, 100, False)]]"
85,#527C9C,6.25,"(300.9222292381254, 149.15200977318028)",9.000918411381695,1.188381172351109,-0.005165220386003963,0.0,2.760371579897525,0.5000000001,1.0,3.643614877629542,3.969920845197539,7.180249482802702e-06,"[['cell_mutational_rate', 1, 1, (1e-10, 1, False)], ['cell_direction_pause', 1, 1, (0, 1, False)], ['cell_direction_angle', 1, 1, None], ['cell_cycle', 1, 1, (0.5000000001, 5, False)], ['cell_direction_remember', 1, 1, (0, 1, False)], ['cell_vision_scale', 1, 1, (1.01, 20, False)], ['cell_vision_nconsidered', 1, 1, (1, 100, False)]]"
86,#527C9C,6.25,"(301.42346668607604, 368.16866450675207)",12.0,-0.4674540219101867,0.03266668257699081,0.26869851650345544,3.30950009207739,1.3241539193573746,1.0,3.9707955163782427,4.966485351014687,9.546194487673813e-07,"[['cell_mutational_rate', 1, 1, (1e-10, 1, False)], ['cell_direction_pause', 1, 1, (0, 1, False)], ['cell_direction_angle', 1, 1, None], ['cell_cycle', 1, 1, (0.5000000001, 5, False)], ['cell_direction_remember', 1, 1, (0, 1, False)], ['cell_vision_scale', 1, 1, (1.01, 20, False)], ['cell_vision_nconsidered', 1, 1, (1, 100, False)]]"
87,#527C9C,6.25,"(136.63500471504156, 261.4061915787284)",12.0,-0.70677433866958,0.03266716931367735,0.0,2.760371579897525,0.5000000001,1.0,3.643614877629542,3.969920845197539,3.0158820641492906e-05,"[['cell_mutational_rate', 1, 1, (1e-10, 1, False)], ['cell_direction_pause', 1, 1, (0, 1, False)], ['cell_direction_angle', 1, 1, None], ['cell_cycle', 1, 1, (0.5000000001, 5, False)], ['cell_direction_remember', 1, 1, (0, 1, False)], ['cell_vision_scale', 1, 1, (1.01, 20, False)], ['cell_vision_nconsidered', 1, 1, (1, 100, False)]]"
88,#527C9C,6.25,"(188.53067375541292, 347.1941495504844)",12.0,-0.7070766385296876,0.03267724597568094,0.0,2.760371579897525,0.5000000001,1.0,3.643614877629542,3.969920845197539,0.0006347585408563747,"[['cell_mutational_rate', 1, 1, (1e-10, 1, False)], ['cell_direction_pause', 1, 1, (0, 1, False)], ['cell_direction_angle', 1, 1, None], ['cell_cycle', 1, 1, (0.5000000001, 5, False)], ['cell_direction_remember', 1, 1, (0, 1, False)], ['cell_vision_scale', 1, 1, (1.01, 20, False)], ['cell_vision_nconsidered', 1, 1, (1, 100, False)]]"
89,#527C9C,6.25,"(298.4021113792421, 206.49777129460887)",12.0,-0.7067643561161411,0.032666836561896055,0.0,2.760371579897525,0.5000000001,1.0,3.643614877629542,3.969920845197539,1.0193713763411257e-05,"[['cell_mutational_rate', 1, 1, (1e-10, 1, False)], ['cell_direction_pause', 1, 1, (0, 1, False)], ['cell_direction_angle', 1, 1, None], ['cell_cycle', 1, 1, (0.5000000001, 5, False)], ['cell_direction_remember', 1, 1, (0, 1, False)], ['cell_vision_scale', 1, 1, (1.01, 20, False)], ['cell_vision_nconsidered', 1, 1, (1, 100, False)]]"
90,#527C9C,6.25,"(337.1847765572215, 186.68990160617835)",12.0,-0.7067623645262913,0.03266677017556773,0.0,2.760371579897525,0.5000000001,1.0,3.643614877629542,3.969920845197539,6.210534064173088e-06,"[['cell_mutational_rate', 1, 1, (1e-10, 1, False)], ['cell_direction_pause', 1, 1, (0, 1, False)], ['cell_direction_angle', 1, 1, None], ['cell_cycle', 1, 1, (0.5000000001, 5, False)], ['cell_direction_remember', 1, 1, (0, 1, False)], ['cell_vision_scale', 1, 1, (1.01, 20, False)], ['cell_vision_nconsidered', 1, 1, (1, 100, False)]]"
91,#527C9C,6.25,"(206.5277614536528, 368.616729695216)",11.0,-0.6293407652101517,0.03114437799417387,0.0,3.733613380703673,0.8199606264598731,0.8715408347410583,3.643614877629542,3.969920845197539,0.0008849018726540561,"[['cell_mutational_rate', 1, 1, (1e-10, 1, False)], ['cell_direction_pause', 1, 1, (0, 1, False)], ['cell_direction_angle', 1, 1, None], ['cell_cycle', 1, 1, (0.5000000001, 5, False)], ['cell_direction_remember', 1, 1, (0, 1, False)], ['cell_vision_scale', 1, 1, (1.01, 20, False)], ['cell_vision_nconsidered', 1, 1, (1, 100, False)]]"
92,#527C9C,6.25,"(335.331186589147, 355.94636882556006)",11.0,-0.3849547209487642,0.031129697445966994,0.26869851650345544,3.30950009207739,1.3241539193573746,1.0,3.9707955163782427,4.966485351014687,4.068980241715358e-06,"[['cell_mutational_rate', 1, 1, (1e-10, 1, False)], ['cell_direction_pause', 1, 1, (0, 1, False)], ['cell_direction_angle', 1, 1, None], ['cell_cycle', 1, 1, (0.5000000001, 5, False)], ['cell_direction_remember', 1, 1, (0, 1, False)], ['cell_vision_scale', 1, 1, (1.01, 20, False)], ['cell_vision_nconsidered', 1, 1, (1, 100, False)]]"
93,#527C9C,6.25,"(357.3765342953372, 287.38528582386056)",11.0,-0.47301278467311314,0.031129805900322324,0.26869851650345544,3.30950009207739,1.3241539193573746,1.0,3.9707955163782427,4.966485351014687,1.0576241561308345e-05,"[['cell_mutational_rate', 1, 1, (1e-10, 1, False)], ['cell_direction_pause', 1, 1, (0, 1, False)], ['cell_direction_angle', 1, 1, None], ['cell_cycle', 1, 1, (0.5000000001, 5, False)], ['cell_direction_remember', 1, 1, (0, 1, False)], ['cell_vision_scale', 1, 1, (1.01, 20, False)], ['cell_vision_nconsidered', 1, 1, (1, 100, False)]]"
94,#527C9C,6.25,"(360.27626810827724, 234.9927712355005)",10.017796297296046,1.1487111983628513,-0.003677331954103826,0.1848041089133996,2.0391612026914268,0.5973086642978476,0.7801261528322521,4.035545329919628,3.0416895371196095,5.998501378708785e-08,"[['cell_mutational_rate', 1, 1, (1e-10, 1, False)], ['cell_direction_pause', 1, 1, (0, 1, False)], ['cell_direction_angle', 1, 1, None], ['cell_cycle', 1, 1, (0.5000000001, 5, False)], ['cell_direction_remember', 1, 1, (0, 1, False)], ['cell_vision_scale', 1, 1, (1.01, 20, False)], ['cell_vision_nconsidered', 1, 1, (1, 100, False)]]"
95,#527C9C,6.25,"(243.68792118717911, 355.414507116563)",11.0,-0.6289497874898143,0.031130160622525233,0.0,3.733613380703673,0.8199606264598731,0.8715408347410583,3.643614877629542,3.969920845197539,3.185957373641619e-05,"[['cell_mutational_rate', 1, 1, (1e-10, 1, False)], ['cell_direction_pause', 1, 1, (0, 1, False)], ['cell_direction_angle', 1, 1, None], ['cell_cycle', 1, 1, (0.5000000001, 5, False)], ['cell_direction_remember', 1, 1, (0, 1, False)], ['cell_vision_scale', 1, 1, (1.01, 20, False)], ['cell_vision_nconsidered', 1, 1, (1, 100, False)]]"
96,#527C9C,6.25,"(146.07050806365538, 214.64957574510169)",11.0,-0.628951117742058,0.0311302089953341,0.0,2.760371579897525,0.5000000001,1.0,3.643614877629542,3.969920845197539,3.476194226788542e-05,"[['cell_mutational_rate', 1, 1, (1e-10, 1, False)], ['cell_direction_pause', 1, 1, (0, 1, False)], ['cell_direction_angle', 1, 1, None], ['cell_cycle', 1, 1, (0.5000000001, 5, False)], ['cell_direction_remember', 1, 1, (0, 1, False)], ['cell_vision_scale', 1, 1, (1.01, 20, False)], ['cell_vision_nconsidered', 1, 1, (1, 100, False)]]"
97,#527C9C,6.25,"(284.3292183521375, 149.5560201863971)",11.0,-0.6289357561010962,0.031129650390208208,0.0,2.760371579897525,0.5000000001,1.0,3.643614877629542,3.969920845197539,1.245634714687127e-06,"[['cell_mutational_rate', 1, 1, (1e-10, 1, False)], ['cell_direction_pause', 1, 1, (0, 1, False)], ['cell_direction_angle', 1, 1, None], ['cell_cycle', 1, 1, (0.5000000001, 5, False)], ['cell_direction_remember', 1, 1, (0, 1, False)], ['cell_vision_scale', 1, 1, (1.01, 20, False)], ['cell_vision_nconsidered', 1, 1, (1, 100, False)]]"
98,#527C9C,6.25,"(337.7777431489216, 186.9909602037429)",9.008339638871357,1.158835661771155,-0.005154467835219259,0.0,2.760371579897525,0.5000000001,1.0,3.643614877629542,3.969920845197539,9.083907353370672e-06,"[['cell_mutational_rate', 1, 1, (1e-10, 1, False)], ['cell_direction_pause', 1, 1, (0, 1, False)], ['cell_direction_angle', 1, 1, None], ['cell_cycle', 1, 1, (0.5000000001, 5, False)], ['cell_direction_remember', 1, 1, (0, 1, False)], ['cell_vision_scale', 1, 1, (1.01, 20, False)], ['cell_vision_nconsidered', 1, 1, (1, 100, False)]]"
99,#527C9C,6.25,"(361.6104676477569, 234.42306283225503)",10.0,-0.5013426183462288,0.029629630774235683,0.1848041089133996,2.0391612026914268,0.5973086642978476,0.7801261528322521,4.035545329919628,3.0416895371196095,6.867636329434496e-08,"[['cell_mutational_rate', 1, 1, (1e-10, 1, False)], ['cell_direction_pause', 1, 1, (0, 1, False)], ['cell_direction_angle', 1, 1, None], ['cell_cycle', 1, 1, (0.5000000001, 5, False)], ['cell_direction_remember', 1, 1, (0, 1, False)], ['cell_vision_scale', 1, 1, (1.01, 20, False)], ['cell_vision_nconsidered', 1, 1, (1, 100, False)]]"
100,#527C9C,6.25,"(139.18085240532602, 221.6639617798606)",9.021480593509605,0.9414048696146168,-0.005062444495772576,0.0,2.760371579897525,0.5000000001,1.0,3.643614877629542,3.969920845197539,0.004391166131815976,"[['cell_mutational_rate', 1, 1, (1e-10, 1, False)], ['cell_direction_pause', 1, 1, (0, 1, False)], ['cell_direction_angle', 1, 1, None], ['cell_cycle', 1, 1, (0.5000000001, 5, False)], ['cell_direction_remember', 1, 1, (0, 1, False)], ['cell_vision_scale', 1, 1, (1.01, 20, False)], ['cell_vision_nconsidered', 1, 1, (1, 100, False)]]"
101,#527C9C,6.25,"(242.1594025085996, 150.5891595636053)",10.0,-0.5548975196302955,0.029631085970397004,0.0,2.760371579897525,0.5000000001,1.0,3.643614877629542,3.969920845197539,8.738044604259307e-05,"[['cell_mutational_rate', 1, 1, (1e-10, 1, False)], ['cell_direction_pause', 1, 1, (0, 1, False)], ['cell_direction_angle', 1, 1, None], ['cell_cycle', 1, 1, (0.5000000001, 5, False)], ['cell_direction_remember', 1, 1, (0, 1, False)], ['cell_vision_scale', 1, 1, (1.01, 20, False)], ['cell_vision_nconsidered', 1, 1, (1, 100, False)]]"
102,#527C9C,6.25,"(287.8784962057042, 145.1953809229289)",10.0,-0.5548620351406467,0.029629666590811052,0.0,2.760371579897525,0.5000000001,1.0,3.643614877629542,3.969920845197539,2.217670885176476e-06,"[['cell_mutational_rate', 1, 1, (1e-10, 1, False)], ['cell_direction_pause', 1, 1, (0, 1, False)], ['cell_direction_angle', 1, 1, None], ['cell_cycle', 1, 1, (0.5000000001, 5, False)], ['cell_direction_remember', 1, 1, (0, 1, False)], ['cell_vision_scale', 1, 1, (1.01, 20, False)], ['cell_vision_nconsidered', 1, 1, (1, 100, False)]]"
103,#527C9C,6.25,"(267.79118090436504, 356.60566952377616)",10.0,-0.37421364748864105,0.029629668745382667,0.26869851650345544,3.30950009207739,1.3241539193573746,1.0,3.9707955163782427,4.966485351014687,2.346945182068188e-06,"[['cell_mutational_rate', 1, 1, (1e-10, 1, False)], ['cell_direction_pause', 1, 1, (0, 1, False)], ['cell_direction_angle', 1, 1, None], ['cell_cycle', 1, 1, (0.5000000001, 5, False)], ['cell_direction_remember', 1, 1, (0, 1, False)], ['cell_vision_scale', 1, 1, (1.01, 20, False)], ['cell_vision_nconsidered', 1, 1, (1, 100, False)]]"
104,#527C9C,6.25,"(308.7769764392732, 146.23929065016125)",8.014698810008783,0.7873893445879587,-0.006571811068863661,0.0,2.760371579897525,0.5000000001,1.0,3.643614877629542,3.969920845197539,5.418517421441071e-06,"[['cell_mutational_rate', 1, 1, (1e-10, 1, False)], ['cell_direction_pause', 1, 1, (0, 1, False)], ['cell_direction_angle', 1, 1, None], ['cell_cycle', 1, 1, (0.5000000001, 5, False)], ['cell_direction_remember', 1, 1, (0, 1, False)], ['cell_vision_scale', 1, 1, (1.01, 20, False)], ['cell_vision_nconsidered', 1, 1, (1, 100, False)]]"
105,#527C9C,6.25,"(323.99987046222884, 173.2961817381072)",7.050704134195588,0.6446977998443917,-0.007911656605780991,0.0,2.760371579897525,0.5000000001,1.0,3.643614877629542,3.969920845197539,1.7629386809632993e-05,"[['cell_mutational_rate', 1, 1, (1e-10, 1, False)], ['cell_direction_pause', 1, 1, (0, 1, False)], ['cell_direction_angle', 1, 1, None], ['cell_cycle', 1, 1, (0.5000000001, 5, False)], ['cell_direction_remember', 1, 1, (0, 1, False)], ['cell_vision_scale', 1, 1, (1.01, 20, False)], ['cell_vision_nconsidered', 1, 1, (1, 100, False)]]"
106,#527C9C,6.25,"(217.68922637083642, 149.93134478122033)",7.00703448715268,1.0436481810752902,-0.007966248656693615,0.0,2.760371579897525,0.5000000001,1.0,3.643614877629542,3.969920845197539,0.0003355233391521267,"[['cell_mutational_rate', 1, 1, (1e-10, 1, False)], ['cell_direction_pause', 1, 1, (0, 1, False)], ['cell_direction_angle', 1, 1, None], ['cell_cycle', 1, 1, (0.5000000001, 5, False)], ['cell_direction_remember', 1, 1, (0, 1, False)], ['cell_vision_scale', 1, 1, (1.01, 20, False)], ['cell_vision_nconsidered', 1, 1, (1, 100, False)]]"
107,#527C9C,6.25,"(250.52167505152065, 356.1202982508088)",8.0,-0.4176408026621657,0.026743151244219394,0.0,3.733613380703673,0.8199606264598731,0.8715408347410583,3.643614877629542,3.969920845197539,0.0001446302087192465,"[['cell_mutational_rate', 1, 1, (1e-10, 1, False)], ['cell_direction_pause', 1, 1, (0, 1, False)], ['cell_direction_angle', 1, 1, None], ['cell_cycle', 1, 1, (0.5000000001, 5, False)], ['cell_direction_remember', 1, 1, (0, 1, False)], ['cell_vision_scale', 1, 1, (1.01, 20, False)], ['cell_vision_nconsidered', 1, 1, (1, 100, False)]]"
108,#527C9C,6.25,"(345.24197085182027, 184.16699949156472)",7.01779630325278,1.1692765155313596,-0.007957081133347543,0.0,2.760371579897525,0.5000000001,1.0,3.643614877629542,3.969920845197539,4.173890192662175e-07,"[['cell_mutational_rate', 1, 1, (1e-10, 1, False)], ['cell_direction_pause', 1, 1, (0, 1, False)], ['cell_direction_angle', 1, 1, None], ['cell_cycle', 1, 1, (0.5000000001, 5, False)], ['cell_direction_remember', 1, 1, (0, 1, False)], ['cell_vision_scale', 1, 1, (1.01, 20, False)], ['cell_vision_nconsidered', 1, 1, (1, 100, False)]]"
109,#527C9C,6.25,"(353.16527374671034, 276.95784247097055)",6.012103728684042,0.9343801077233578,-0.009316441703033314,0.26869851650345544,3.30950009207739,1.3241539193573746,1.0,3.9707955163782427,4.966485351014687,4.503674522448729e-05,"[['cell_mutational_rate', 1, 1, (1e-10, 1, False)], ['cell_direction_pause', 1, 1, (0, 1, False)], ['cell_direction_angle', 1, 1, None], ['cell_cycle', 1, 1, (0.5000000001, 5, False)], ['cell_direction_remember', 1, 1, (0, 1, False)], ['cell_vision_scale', 1, 1, (1.01, 20, False)], ['cell_vision_nconsidered', 1, 1, (1, 100, False)]]"
110,#527C9C,6.25,"(383.7925038561797, 323.2635033729426)",8.0,-0.37018519634903485,0.026740741378675,0.1848041089133996,2.0391612026914268,0.5973086642978476,0.7801261528322521,4.035545329919628,3.0416895371196095,3.8276055813796876e-08,"[['cell_mutational_rate', 1, 1, (1e-10, 1, False)], ['cell_direction_pause', 1, 1, (0, 1, False)], ['cell_direction_angle', 1, 1, None], ['cell_cycle', 1, 1, (0.5000000001, 5, False)], ['cell_direction_remember', 1, 1, (0, 1, False)], ['cell_vision_scale', 1, 1, (1.01, 20, False)], ['cell_vision_nconsidered', 1, 1, (1, 100, False)]]"
111,#527C9C,6.25,"(198.09537631395972, 149.0468913992516)",8.0,-0.417998451532067,0.02676103368771446,0.0,2.760371579897525,0.5000000001,1.0,3.643614877629542,3.969920845197539,0.001217576818422999,"[['cell_mutational_rate', 1, 1, (1e-10, 1, False)], ['cell_direction_pause', 1, 1, (0, 1, False)], ['cell_direction_angle', 1, 1, None], ['cell_cycle', 1, 1, (0.5000000001, 5, False)], ['cell_direction_remember', 1, 1, (0, 1, False)], ['cell_vision_scale', 1, 1, (1.01, 20, False)], ['cell_vision_nconsidered', 1, 1, (1, 100, False)]]"
112,#527C9C,6.25,"(202.94735897655147, 151.82548943868366)",8.0,-0.41759330263854116,0.026740776243038163,0.0,2.760371579897525,0.5000000001,1.0,3.643614877629542,3.969920845197539,2.1301378453921522e-06,"[['cell_mutational_rate', 1, 1, (1e-10, 1, False)], ['cell_direction_pause', 1, 1, (0, 1, False)], ['cell_direction_angle', 1, 1, None], ['cell_cycle', 1, 1, (0.5000000001, 5, False)], ['cell_direction_remember', 1, 1, (0, 1, False)], ['cell_vision_scale', 1, 1, (1.01, 20, False)], ['cell_vision_nconsidered', 1, 1, (1, 100, False)]]"
113,#527C9C,6.25,"(226.74063988572507, 361.0342417787615)",7.0,-0.3542246579039434,0.025352520134193597,0.0,3.733613380703673,0.8199606264598731,0.8715408347410583,3.643614877629542,3.969920845197539,4.009694050449247e-05,"[['cell_mutational_rate', 1, 1, (1e-10, 1, False)], ['cell_direction_pause', 1, 1, (0, 1, False)], ['cell_direction_angle', 1, 1, None], ['cell_cycle', 1, 1, (0.5000000001, 5, False)], ['cell_direction_remember', 1, 1, (0, 1, False)], ['cell_vision_scale', 1, 1, (1.01, 20, False)], ['cell_vision_nconsidered', 1, 1, (1, 100, False)]]"
114,#527C9C,6.25,"(346.08730663906726, 185.69066103813665)",6.0,-0.2942133539202248,0.024000026063817452,0.0,2.760371579897525,0.5000000001,1.0,3.643614877629542,3.969920845197539,1.563829047125611e-06,"[['cell_mutational_rate', 1, 1, (1e-10, 1, False)], ['cell_direction_pause', 1, 1, (0, 1, False)], ['cell_direction_angle', 1, 1, None], ['cell_cycle', 1, 1, (0.5000000001, 5, False)], ['cell_direction_remember', 1, 1, (0, 1, False)], ['cell_vision_scale', 1, 1, (1.01, 20, False)], ['cell_vision_nconsidered', 1, 1, (1, 100, False)]]"
115,#527C9C,6.25,"(300.5249090464087, 152.96765358652343)",6.0,-0.29422424697490723,0.024000752267462944,0.0,2.760371579897525,0.5000000001,1.0,3.643614877629542,3.969920845197539,4.5136047776771556e-05,"[['cell_mutational_rate', 1, 1, (1e-10, 1, False)], ['cell_direction_pause', 1, 1, (0, 1, False)], ['cell_direction_angle', 1, 1, None], ['cell_cycle', 1, 1, (0.5000000001, 5, False)], ['cell_direction_remember', 1, 1, (0, 1, False)], ['cell_vision_scale', 1, 1, (1.01, 20, False)], ['cell_vision_nconsidered', 1, 1, (1, 100, False)]]"
116,#527C9C,6.25,"(192.69473210032183, 160.21149081886907)",5.017852779037314,1.118535420453871,-0.010568517013531342,0.0,2.760371579897525,0.5000000001,1.0,3.643614877629542,3.969920845197539,0.0033889644610847675,"[['cell_mutational_rate', 1, 1, (1e-10, 1, False)], ['cell_direction_pause', 1, 1, (0, 1, False)], ['cell_direction_angle', 1, 1, None], ['cell_cycle', 1, 1, (0.5000000001, 5, False)], ['cell_direction_remember', 1, 1, (0, 1, False)], ['cell_vision_scale', 1, 1, (1.01, 20, False)], ['cell_vision_nconsidered', 1, 1, (1, 100, False)]]"
117,#527C9C,6.25,"(170.17473624378283, 306.5841041227785)",6.0,-0.2942142451013015,0.024000085475889235,0.0,2.760371579897525,0.5000000001,1.0,3.643614877629542,3.969920845197539,5.128553354029115e-06,"[['cell_mutational_rate', 1, 1, (1e-10, 1, False)], ['cell_direction_pause', 1, 1, (0, 1, False)], ['cell_direction_angle', 1, 1, None], ['cell_cycle', 1, 1, (0.5000000001, 5, False)], ['cell_direction_remember', 1, 1, (0, 1, False)], ['cell_vision_scale', 1, 1, (1.01, 20, False)], ['cell_vision_nconsidered', 1, 1, (1, 100, False)]]"
118,#527C9C,6.25,"(139.53995724160814, 220.59220871260337)",6.0,-0.294227666222136,0.0240009802172782,0.0,2.760371579897525,0.5000000001,1.0,3.643614877629542,3.969920845197539,5.881303669180963e-05,"[['cell_mutational_rate', 1, 1, (1e-10, 1, False)], ['cell_direction_pause', 1, 1, (0, 1, False)], ['cell_direction_angle', 1, 1, None], ['cell_cycle', 1, 1, (0.5000000001, 5, False)], ['cell_direction_remember', 1, 1, (0, 1, False)], ['cell_vision_scale', 1, 1, (1.01, 20, False)], ['cell_vision_nconsidered', 1, 1, (1, 100, False)]]"
119,#527C9C,6.25,"(337.3897678541225, 186.02034688379948)",6.0,-0.29421473015748173,0.024000117812967917,0.0,2.760371579897525,0.5000000001,1.0,3.643614877629542,3.969920845197539,7.06877807488534e-06,"[['cell_mutational_rate', 1, 1, (1e-10, 1, False)], ['cell_direction_pause', 1, 1, (0, 1, False)], ['cell_direction_angle', 1, 1, None], ['cell_cycle', 1, 1, (0.5000000001, 5, False)], ['cell_direction_remember', 1, 1, (0, 1, False)], ['cell_vision_scale', 1, 1, (1.01, 20, False)], ['cell_vision_nconsidered', 1, 1, (1, 100, False)]]"
120,#527C9C,6.25,"(238.05708917921345, 184.91021344018213)",6.0,-0.2942866539507082,0.024004912732516346,0.0,2.760371579897525,0.5000000001,1.0,3.643614877629542,3.969920845197539,0.000294763950980793,"[['cell_mutational_rate', 1, 1, (1e-10, 1, False)], ['cell_direction_pause', 1, 1, (0, 1, False)], ['cell_direction_angle', 1, 1, None], ['cell_cycle', 1, 1, (0.5000000001, 5, False)], ['cell_direction_remember', 1, 1, (0, 1, False)], ['cell_vision_scale', 1, 1, (1.01, 20, False)], ['cell_vision_nconsidered', 1, 1, (1, 100, False)]]"
121,#527C9C,6.25,"(250.48057269557916, 143.1140190434663)",4.0214234131357784,0.8272462187674656,-0.01188293406689022,0.0,2.760371579897525,0.5000000001,1.0,3.643614877629542,3.969920845197539,0.0009603437022944758,"[['cell_mutational_rate', 1, 1, (1e-10, 1, False)], ['cell_direction_pause', 1, 1, (0, 1, False)], ['cell_direction_angle', 1, 1, None], ['cell_cycle', 1, 1, (0.5000000001, 5, False)], ['cell_direction_remember', 1, 1, (0, 1, False)], ['cell_vision_scale', 1, 1, (1.01, 20, False)], ['cell_vision_nconsidered', 1, 1, (1, 100, False)]]"
122,#527C9C,6.25,"(198.51991506654997, 146.21144079297162)",5.0,-0.23954581824648474,0.022848850644903967,0.0,2.760371579897525,0.5000000001,1.0,3.643614877629542,3.969920845197539,0.009819927583126485,"[['cell_mutational_rate', 1, 1, (1e-10, 1, False)], ['cell_direction_pause', 1, 1, (0, 1, False)], ['cell_direction_angle', 1, 1, None], ['cell_cycle', 1, 1, (0.5000000001, 5, False)], ['cell_direction_remember', 1, 1, (0, 1, False)], ['cell_vision_scale', 1, 1, (1.01, 20, False)], ['cell_vision_nconsidered', 1, 1, (1, 100, False)]]"
123,#527C9C,6.25,"(336.0013086881514, 316.67495429033585)",5.0,-0.1513433004415775,0.022685279565049843,0.26869851650345544,3.30950009207739,1.3241539193573746,1.0,3.9707955163782427,4.966485351014687,5.662791879146867e-06,"[['cell_mutational_rate', 1, 1, (1e-10, 1, False)], ['cell_direction_pause', 1, 1, (0, 1, False)], ['cell_direction_angle', 1, 1, None], ['cell_cycle', 1, 1, (0.5000000001, 5, False)], ['cell_direction_remember', 1, 1, (0, 1, False)], ['cell_vision_scale', 1, 1, (1.01, 20, False)], ['cell_vision_nconsidered', 1, 1, (1, 100, False)]]"
124,#527C9C,6.25,"(203.94540540066936, 357.51266476538865)",3.0368001262467677,0.862208563316567,0.004716909715892041,0.0,3.6020676459214167,0.5000000001,0.5774823781633185,2.3898067591648493,6.076460189503438,1.0703144023073239,"[['cell_mutational_rate', 1, 1, (1e-10, 1, False)], ['cell_direction_pause', 1, 1, (0, 1, False)], ['cell_direction_angle', 1, 1, None], ['cell_cycle', 1, 1, (0.5000000001, 5, False)], ['cell_direction_remember', 1, 1, (0, 1, False)], ['cell_vision_scale', 1, 1, (1.01, 20, False)], ['cell_vision_nconsidered', 1, 1, (1, 100, False)]]"
125,#527C9C,6.25,"(137.00257103845505, 246.0992299158313)",5.0,-0.23750335868416667,0.02268545387991852,0.0,2.760371579897525,0.5000000001,1.0,3.643614877629542,3.969920845197539,1.612168399982741e-05,"[['cell_mutational_rate', 1, 1, (1e-10, 1, False)], ['cell_direction_pause', 1, 1, (0, 1, False)], ['cell_direction_angle', 1, 1, None], ['cell_cycle', 1, 1, (0.5000000001, 5, False)], ['cell_direction_remember', 1, 1, (0, 1, False)], ['cell_vision_scale', 1, 1, (1.01, 20, False)], ['cell_vision_nconsidered', 1, 1, (1, 100, False)]]"
126,#527C9C,6.25,"(348.5229180272083, 320.6945322390121)",4.0,-0.18398149921182477,0.021407409180441733,0.1848041089133996,2.0391612026914268,0.5973086642978476,0.7801261528322521,4.035545329919628,3.0416895371196095,1.0638205967683372e-07,"[['cell_mutational_rate', 1, 1, (1e-10, 1, False)], ['cell_direction_pause', 1, 1, (0, 1, False)], ['cell_direction_angle', 1, 1, None], ['cell_cycle', 1, 1, (0.5000000001, 5, False)], ['cell_direction_remember', 1, 1, (0, 1, False)], ['cell_vision_scale', 1, 1, (1.01, 20, False)], ['cell_vision_nconsidered', 1, 1, (1, 100, False)]]"
127,#527C9C,6.25,"(316.477415809787, 152.67632557633553)",4.0,-0.18398214441647337,0.021407473700906596,0.0,2.760371579897525,0.5000000001,1.0,3.643614877629542,3.969920845197539,3.977609951515703e-06,"[['cell_mutational_rate', 1, 1, (1e-10, 1, False)], ['cell_direction_pause', 1, 1, (0, 1, False)], ['cell_direction_angle', 1, 1, None], ['cell_cycle', 1, 1, (0.5000000001, 5, False)], ['cell_direction_remember', 1, 1, (0, 1, False)], ['cell_vision_scale', 1, 1, (1.01, 20, False)], ['cell_vision_nconsidered', 1, 1, (1, 100, False)]]"
128,#527C9C,6.25,"(337.0336644061222, 186.44501079100183)",2.017796334366527,1.020945427041385,-0.014349234483306925,0.0,2.760371579897525,0.5000000001,1.0,3.643614877629542,3.969920845197539,2.2842138349249287e-06,"[['cell_mutational_rate', 1, 1, (1e-10, 1, False)], ['cell_direction_pause', 1, 1, (0, 1, False)], ['cell_direction_angle', 1, 1, None], ['cell_cycle', 1, 1, (0.5000000001, 5, False)], ['cell_direction_remember', 1, 1, (0, 1, False)], ['cell_vision_scale', 1, 1, (1.01, 20, False)], ['cell_vision_nconsidered', 1, 1, (1, 100, False)]]"
129,#527C9C,6.25,"(350.38022774567526, 309.27012653137797)",3.0,-0.08907410177952992,0.02016667220775784,0.1848041089133996,2.0391612026914268,0.5973086642978476,0.7801261528322521,4.035545329919628,3.0416895371196095,3.3246547004851714e-07,"[['cell_mutational_rate', 1, 1, (1e-10, 1, False)], ['cell_direction_pause', 1, 1, (0, 1, False)], ['cell_direction_angle', 1, 1, None], ['cell_cycle', 1, 1, (0.5000000001, 5, False)], ['cell_direction_remember', 1, 1, (0, 1, False)], ['cell_vision_scale', 1, 1, (1.01, 20, False)], ['cell_vision_nconsidered', 1, 1, (1, 100, False)]]"
130,#527C9C,6.25,"(139.098345546424, 224.5105572567922)",3.0,-0.13359479985813327,0.020170664672442464,0.0,2.760371579897525,0.5000000001,1.0,3.643614877629542,3.969920845197539,0.00023988034654742204,"[['cell_mutational_rate', 1, 1, (1e-10, 1, False)], ['cell_direction_pause', 1, 1, (0, 1, False)], ['cell_direction_angle', 1, 1, None], ['cell_cycle', 1, 1, (0.5000000001, 5, False)], ['cell_direction_remember', 1, 1, (0, 1, False)], ['cell_vision_scale', 1, 1, (1.01, 20, False)], ['cell_vision_nconsidered', 1, 1, (1, 100, False)]]"
131,#527C9C,6.25,"(337.29291269632733, 181.98191038252315)",3.0,-0.13356612735406956,0.020166841671900637,0.0,2.760371579897525,0.5000000001,1.0,3.643614877629542,3.969920845197539,1.0500314037898394e-05,"[['cell_mutational_rate', 1, 1, (1e-10, 1, False)], ['cell_direction_pause', 1, 1, (0, 1, False)], ['cell_direction_angle', 1, 1, None], ['cell_cycle', 1, 1, (0.5000000001, 5, False)], ['cell_direction_remember', 1, 1, (0, 1, False)], ['cell_vision_scale', 1, 1, (1.01, 20, False)], ['cell_vision_nconsidered', 1, 1, (1, 100, False)]]"
132,#527C9C,6.25,"(213.80083998341692, 362.3190871988797)",3.0,-0.13356649727653588,0.020166890994896144,0.0,3.733613380703673,0.8199606264598731,0.8715408347410583,3.643614877629542,3.969920845197539,1.3459693768331565e-05,"[['cell_mutational_rate', 1, 1, (1e-10, 1, False)], ['cell_direction_pause', 1, 1, (0, 1, False)], ['cell_direction_angle', 1, 1, None], ['cell_cycle', 1, 1, (0.5000000001, 5, False)], ['cell_direction_remember', 1, 1, (0, 1, False)], ['cell_vision_scale', 1, 1, (1.01, 20, False)], ['cell_vision_nconsidered', 1, 1, (1, 100, False)]]"
133,#527C9C,6.25,"(321.8630367771189, 182.16335303197485)",3.0,-0.13356642915937783,0.020166881912608407,0.0,2.760371579897525,0.5000000001,1.0,3.643614877629542,3.969920845197539,1.291475650426154e-05,"[['cell_mutational_rate', 1, 1, (1e-10, 1, False)], ['cell_direction_pause', 1, 1, (0, 1, False)], ['cell_direction_angle', 1, 1, None], ['cell_cycle', 1, 1, (0.5000000001, 5, False)], ['cell_direction_remember', 1, 1, (0, 1, False)], ['cell_vision_scale', 1, 1, (1.01, 20, False)], ['cell_vision_nconsidered', 1, 1, (1, 100, False)]]"
134,#527C9C,6.25,"(211.83147285529324, 368.25179478296764)",3.0,-0.25856481481481486,0.036833333333333336,0.23985788831699728,4.482119795031014,0.5000000001,1.0,2.3920154939838296,5.134506958888494,1.0,"[['cell_mutational_rate', 1, 1, (1e-10, 1, False)], ['cell_direction_pause', 1, 1, (0, 1, False)], ['cell_direction_angle', 1, 1, None], ['cell_cycle', 1, 1, (0.5000000001, 5, False)], ['cell_direction_remember', 1, 1, (0, 1, False)], ['cell_vision_scale', 1, 1, (1.01, 20, False)], ['cell_vision_nconsidered', 1, 1, (1, 100, False)]]"
135,#527C9C,6.25,"(226.76047823296736, 375.2520866169757)",2.0,-0.08637954957595331,0.019007391396672145,0.0,3.733613380703673,0.8199606264598731,0.8715408347410583,3.643614877629542,3.969920845197539,0.002665706022550794,"[['cell_mutational_rate', 1, 1, (1e-10, 1, False)], ['cell_direction_pause', 1, 1, (0, 1, False)], ['cell_direction_angle', 1, 1, None], ['cell_cycle', 1, 1, (0.5000000001, 5, False)], ['cell_direction_remember', 1, 1, (0, 1, False)], ['cell_vision_scale', 1, 1, (1.01, 20, False)], ['cell_vision_nconsidered', 1, 1, (1, 100, False)]]"
136,#527C9C,6.25,"(240.23088308593964, 377.7266698355063)",2.0,-0.0861682774073273,0.01896513696294694,0.0,3.733613380703673,0.8199606264598731,0.8715408347410583,3.643614877629542,3.969920845197539,0.0001304399990386021,"[['cell_mutational_rate', 1, 1, (1e-10, 1, False)], ['cell_direction_pause', 1, 1, (0, 1, False)], ['cell_direction_angle', 1, 1, None], ['cell_cycle', 1, 1, (0.5000000001, 5, False)], ['cell_direction_remember', 1, 1, (0, 1, False)], ['cell_vision_scale', 1, 1, (1.01, 20, False)], ['cell_vision_nconsidered', 1, 1, (1, 100, False)]]"
137,#527C9C,6.25,"(346.1028506037487, 332.67819416108233)",2.0,-0.044491480325194566,0.01896325879674449,0.26869851650345544,3.30950009207739,1.3241539193573746,1.0,3.9707955163782427,4.966485351014687,1.7750026891534512e-05,"[['cell_mutational_rate', 1, 1, (1e-10, 1, False)], ['cell_direction_pause', 1, 1, (0, 1, False)], ['cell_direction_angle', 1, 1, None], ['cell_cycle', 1, 1, (0.5000000001, 5, False)], ['cell_direction_remember', 1, 1, (0, 1, False)], ['cell_vision_scale', 1, 1, (1.01, 20, False)], ['cell_vision_nconsidered', 1, 1, (1, 100, False)]]"
138,#527C9C,6.25,"(350.35290583766187, 271.7770657003877)",2.0,-0.0861601628530454,0.01896351405209056,0.26869851650345544,3.30950009207739,1.3241539193573746,1.0,3.9707955163782427,4.966485351014687,3.306534765565404e-05,"[['cell_mutational_rate', 1, 1, (1e-10, 1, False)], ['cell_direction_pause', 1, 1, (0, 1, False)], ['cell_direction_angle', 1, 1, None], ['cell_cycle', 1, 1, (0.5000000001, 5, False)], ['cell_direction_remember', 1, 1, (0, 1, False)], ['cell_vision_scale', 1, 1, (1.01, 20, False)], ['cell_vision_nconsidered', 1, 1, (1, 100, False)]]"
139,#527C9C,6.25,"(273.06932627593216, 360.9609529706126)",1.0,-0.041666917530837025,0.017796396641964442,0.26869851650345544,3.30950009207739,1.3241539193573746,1.0,3.9707955163782427,4.966485351014687,6.020740088445019e-06,"[['cell_mutational_rate', 1, 1, (1e-10, 1, False)], ['cell_direction_pause', 1, 1, (0, 1, False)], ['cell_direction_angle', 1, 1, None], ['cell_cycle', 1, 1, (0.5000000001, 5, False)], ['cell_direction_remember', 1, 1, (0, 1, False)], ['cell_vision_scale', 1, 1, (1.01, 20, False)], ['cell_vision_nconsidered', 1, 1, (1, 100, False)]]"
140,#527C9C,6.25,"(138.34658119556815, 224.33434119274355)",1.0,-0.041702807950530045,0.017810752809841648,0.0,2.760371579897525,0.5000000001,1.0,3.643614877629542,3.969920845197539,0.0008673908127209399,"[['cell_mutational_rate', 1, 1, (1e-10, 1, False)], ['cell_direction_pause', 1, 1, (0, 1, False)], ['cell_direction_angle', 1, 1, None], ['cell_cycle', 1, 1, (0.5000000001, 5, False)], ['cell_direction_remember', 1, 1, (0, 1, False)], ['cell_vision_scale', 1, 1, (1.01, 20, False)], ['cell_vision_nconsidered', 1, 1, (1, 100, False)]]"
141,#527C9C,6.25,"(203.49197400619502, 142.7019595501062)",1.0,-0.04285305806856685,0.018270852857056374,0.0,2.7024052858094834,0.5000000001,1.0,3.643614877629542,3.969920845197539,0.02847339364560449,"[['cell_mutational_rate', 1, 1, (1e-10, 1, False)], ['cell_direction_pause', 1, 1, (0, 1, False)], ['cell_direction_angle', 1, 1, None], ['cell_cycle', 1, 1, (0.5000000001, 5, False)], ['cell_direction_remember', 1, 1, (0, 1, False)], ['cell_vision_scale', 1, 1, (1.01, 20, False)], ['cell_vision_nconsidered', 1, 1, (1, 100, False)]]"
142,#527C9C,6.25,"(350.9814798119651, 210.4299927982368)",1.0,-0.041666671572150066,0.01779629825848966,0.1848041089133996,2.0391612026914268,0.5973086642978476,0.7801261528322521,4.035545329919628,3.0416895371196095,1.1773160158092994e-07,"[['cell_mutational_rate', 1, 1, (1e-10, 1, False)], ['cell_direction_pause', 1, 1, (0, 1, False)], ['cell_direction_angle', 1, 1, None], ['cell_cycle', 1, 1, (0.5000000001, 5, False)], ['cell_direction_remember', 1, 1, (0, 1, False)], ['cell_vision_scale', 1, 1, (1.01, 20, False)], ['cell_vision_nconsidered', 1, 1, (1, 100, False)]]"
143,#527C9C,6.25,"(341.89438247680755, 185.85382304440722)",1.0,-0.04166668643566826,0.017796304203896936,0.0,2.760371579897525,0.5000000001,1.0,3.643614877629542,3.969920845197539,4.7445603815072666e-07,"[['cell_mutational_rate', 1, 1, (1e-10, 1, False)], ['cell_direction_pause', 1, 1, (0, 1, False)], ['cell_direction_angle', 1, 1, None], ['cell_cycle', 1, 1, (0.5000000001, 5, False)], ['cell_direction_remember', 1, 1, (0, 1, False)], ['cell_vision_scale', 1, 1, (1.01, 20, False)], ['cell_vision_nconsidered', 1, 1, (1, 100, False)]]"
144,#527C9C,6.25,"(188.25944215289948, 351.98466823085965)",0.017801953199817366,0.9405172378747132,-0.016641223946450637,0.0,2.760371579897525,0.5000000001,1.0,3.643614877629542,3.969920845197539,0.00033941421126528013,"[['cell_mutational_rate', 1, 1, (1e-10, 1, False)], ['cell_direction_pause', 1, 1, (0, 1, False)], ['cell_direction_angle', 1, 1, None], ['cell_cycle', 1, 1, (0.5000000001, 5, False)], ['cell_direction_remember', 1, 1, (0, 1, False)], ['cell_vision_scale', 1, 1, (1.01, 20, False)], ['cell_vision_nconsidered', 1, 1, (1, 100, False)]]"
145,#527C9C,6.25,"(307.4957011148365, 148.6492458576126)",1.0,-0.04166684368617651,0.01779636710410024,0.0,2.760371579897525,0.5000000001,1.0,3.643614877629542,3.969920845197539,4.248468236223188e-06,"[['cell_mutational_rate', 1, 1, (1e-10, 1, False)], ['cell_direction_pause', 1, 1, (0, 1, False)], ['cell_direction_angle', 1, 1, None], ['cell_cycle', 1, 1, (0.5000000001, 5, False)], ['cell_direction_remember', 1, 1, (0, 1, False)], ['cell_vision_scale', 1, 1, (1.01, 20, False)], ['cell_vision_nconsidered', 1, 1, (1, 100, False)]]"
